,1b9412ca5e9deb29aeaa37be05ae8d0a8a636c12fdff8c17032aa017f6075c02,1deb1efad2c469198aabbb618285e2229052273cf654ee5925c2540ded224402,30fcff7add11ea6685a233c8ce1fc30abe67044630524a6eb363573a4a9f88b8,391cfcd153881743556f76de7bbca5b19857f8b69a6f6f6dfde6fd9b06c17f5e,3dda3ee9164d6815a18a2c23651a53c35d52e3a5ad375001ec824cf532c202e6,499e43933c5ee3bb730417e07d74c93a5f7d7dee05db31714e09dffeb7e3c285,550771bbf8a3e5625d6ec76d70ed86f6e443f07ce80ff73e47f8249ddd72a8cf,58ccba4fb2b3ed8b5f92adddd6ee331a6afdedfc755145e0432a7cb324c28053,704a0fa7de19564bc743fb68aa0652e38bf86e8ab694bc079b15f945c85f4320,81e7942a1f32fb18e37cf622c5a24b7c54c4792549363fddf9a3a9095a07f23e,8203c2f00ecd3ae960cb3247a7d7bfb35e55c38939607c85dbdb5c92f0495fa9,ab4eae618bb05b4fb4a8d3790a0d18a3e1566ab477519991cb161398803a8847,ed0f154481261e9a08dcc4f7e4d396bce75526811216106daa70d4148c660d76
1b9412ca5e9deb29aeaa37be05ae8d0a8a636c12fdff8c17032aa017f6075c02,1.0,0.0,0.9680630928146092,0.0,0.0,0.0,0.8256653453455086,0.9012061520195264,0.8534966027805624,0.0,0.9680630928146092,0.0,0.0375306803582089
1deb1efad2c469198aabbb618285e2229052273cf654ee5925c2540ded224402,0.0,1.0,0.0,0.9797715590235567,0.0,0.9671042108605298,0.0,0.838054686766693,0.9107960395959873,0.8992378016051834,0.0,0.9797715590235567,0.9768487725659638
30fcff7add11ea6685a233c8ce1fc30abe67044630524a6eb363573a4a9f88b8,0.9680630928146092,0.0,1.0,0.0,0.0,0.0,0.8256653453455086,0.9012061520195264,0.8534966027805624,0.0,0.9680630928146092,0.0,0.0
391cfcd153881743556f76de7bbca5b19857f8b69a6f6f6dfde6fd9b06c17f5e,0.0,0.9797715590235567,0.0,1.0,0.03217432632975128,0.9687815663682576,0.0,0.8525203739929763,0.9107960395959873,0.8992378016051834,0.0,0.9789945980319559,0.9731806615042814
3dda3ee9164d6815a18a2c23651a53c35d52e3a5ad375001ec824cf532c202e6,0.0,0.0,0.0,0.03217432632975128,1.0,0.04864810055429548,0.0,0.0,0.0,0.0,0.0,0.0,0.0
499e43933c5ee3bb730417e07d74c93a5f7d7dee05db31714e09dffeb7e3c285,0.0,0.9671042108605298,0.0,0.9687815663682576,0.04864810055429548,1.0,0.0,0.8533048869386257,0.9172500941445242,0.892833277892432,0.0,0.9687815663682576,0.9643103423298945
550771bbf8a3e5625d6ec76d70ed86f6e443f07ce80ff73e47f8249ddd72a8cf,0.8256653453455086,0.0,0.8256653453455086,0.0,0.0,0.0,1.0,0.7488968413568317,0.8320440053075338,0.0,0.8256653453455086,0.0,0.0
58ccba4fb2b3ed8b5f92adddd6ee331a6afdedfc755145e0432a7cb324c28053,0.9012061520195264,0.838054686766693,0.9012061520195264,0.8525203739929763,0.0,0.8533048869386257,0.7488968413568317,1.0,0.836851582716542,0.0,0.9012061520195264,0.0,0.7967663342361746
704a0fa7de19564bc743fb68aa0652e38bf86e8ab694bc079b15f945c85f4320,0.8534966027805624,0.9107960395959873,0.8534966027805624,0.9107960395959873,0.0,0.9172500941445242,0.8320440053075338,0.836851582716542,1.0,0.9316665484091463,0.8534966027805624,0.9107960395959873,0.9107960395959873
81e7942a1f32fb18e37cf622c5a24b7c54c4792549363fddf9a3a9095a07f23e,0.0,0.8992378016051834,0.0,0.8992378016051834,0.0,0.892833277892432,0.0,0.0,0.9316665484091463,1.0,0.0,0.9008568737393622,0.8992378016051834
8203c2f00ecd3ae960cb3247a7d7bfb35e55c38939607c85dbdb5c92f0495fa9,0.9680630928146092,0.0,0.9680630928146092,0.0,0.0,0.0,0.8256653453455086,0.9012061520195264,0.8534966027805624,0.0,1.0,0.0,0.0375306803582089
ab4eae618bb05b4fb4a8d3790a0d18a3e1566ab477519991cb161398803a8847,0.0,0.9797715590235567,0.0,0.9789945980319559,0.0,0.9687815663682576,0.0,0.0,0.9107960395959873,0.9008568737393622,0.0,1.0,0.9739155093071649
ed0f154481261e9a08dcc4f7e4d396bce75526811216106daa70d4148c660d76,0.0375306803582089,0.9768487725659638,0.0,0.9731806615042814,0.0,0.9643103423298945,0.0,0.7967663342361746,0.9107960395959873,0.8992378016051834,0.0375306803582089,0.9739155093071649,1.0
