,01127b04b91241c1f571fec4df2b2b82ca80f34aac81f377e6a990a550e10f60,03716692ca8ac4a9e72a7ce850b8aab89c3b48cc4748fd9fd4369d80f36c3511,0cdc3726f71eec9d61f155ddcfcd49670e0ccc883dab06757ae328dfae25d185,106a0a6daf1a792a3f307aabc53ab06e53db1c769c3c9e3721bb91733ca9c64e,17ba0e7b61fe63b4a5e0194df15867de7b947284c8a9c6ee4b3becc4db1c1cf7,1caa9f235a17a01beda7d0bbcbb40ea8e565b3ceb5e4fc00805c2002f3a4a210,2cbdada38a8e4e55fc0f20c98eb86bc0ca02fe9292b563151823553c1aeaa05f,3d7f26cad94f7db56119cb9b2b559f9c5a118f11f8e042a0e9750a1b905344e3,3e0b38c8b37454af6a03b1bad874e536d7c1074bf45f9a20d9dedeaa39d58aef,4386136741f5fd141db6dd4df6b0fb0bd789be6cd9d82e961cbd15b8ee4b5e76,43b550b52f4b1dfb2c377f4e68de24e503da716370c773fd0518d2f592d6654b,4560795c102dd579f32b074ec2de1f349e38d7df2aa5b9d324ece24fe8110516,50a67cd69b6cc76f62f9d08c9598234dc64c133ed5bb7196b7509366771087f5,5129316d54b658dc0c49e01c2f6a72b32628c67fd779f59fde6c4a1b6e174436,59b6ca618a3c185d4f62f7dc4181ced11551bb2d99374e386e6dfa23740320eb,5b7f17fe156e1936f8d4b46e46653e2e3a800fc61f4940ad883aa42f3bc74791,5dc861269168fd9b87852f7f27e2aa585698310bc72f3a28769fee02eea190e5,5e1a8ca0ee46e49ae205a6ede7a09d251705b0c8c4129611756b674d6058473f,65ebb04bb5a2d4e07258b8f8c46300998e9ba15a92904906cb6c7d82452bdf77,66188b5d7c68339c2fd014afdd45beff4a9634a2b489489904b970dc32b9e761,6640c359a692b5873d62523e1867fa336cbe7772e4d574e8e1c372183976e6c3,77a4600384293546a4be858017bae319ec6bdbf5180c0fe326d2e0531298de49,77f1c856152221f6c750a0ad91e44498441864ec730dda495e7885834e4da9c7,7a81dab147180ed3f42c8eea72892fbc0058db891c76ec21bcfea43e691b6042,85b1c4cc5318dd85eeb0ba1340880e79279d162572fa9a27e161e74048cdde09,8638d99d4bf66cb8c20f56c1c6a78e6a9914422e3d9ba2fb030c1e390d99c364,8798f9b8c295bbc448747cad623d3eaa638b083c9ade926526155ad16f36a43a,8becca8f69b1d4d9d1f02d84dac249dca1b1a0ae7928a55f9ed3d738f4bad097,8dd10e4c239b0c0d8bdfb551cdd27c9436df23c2cfedd2c8fb652d856b56f31e,8e2323db86119c98d67039232a77a8a363395ab91d80e0ca7844ba633c1375eb,8fa729d10f347963af340c74502cd76be873e0e83bbf924a35d2e7aa003488f3,8fe7fe58ed60dc85362ec4afca1919da2744fd8da455d36c352d60e5bde9c7b5,900f73aa0ef86cfa4d27e4a888335102ac9d6fcfcfa3b762c80cd230377caa4a,94f218f49eebdf40c32531104807793b6db0afff7587624f9bce08c674944e41,97e10e5eebe51ca1f13257824dbfc088bf9e51bc2aad947f070d846cd29a40e7,9c9ccc069cec443e8e00776083ab3c261a1e5b0d72e3ef58d7b215e7e1210597,9f91589201411335be8a680661a00757e68fb94426290a77de55667721a69dc8,a01fbcd59d2c20855bc029546d7763a7794ee0fdee762dd6ba7adb4c97daf6bd,a515a7c89826895a388b67b7cd3ffc9d58a4de4ca59a0d25285cc0e8cee82775,a959c6380c9bf8e3323338c495d939a43a848a3c09c7600726996172af707ea6,a96b863dd2e2818f68bffe40668469d039a5bacf66314163e1c404d03a4d4200,ad7d1d3e5b32a3a6740604b73f09ac9cf3b65214bb510d7c539c72ac3b336539,ae09074d61861efb99ca25610230e8af066de1627176877c4dc08754ba262d09,b43df3dcfc1c999700835c55692c2173c5ce362e4f2d3618807fb0866efc87bc,b9210ce07fe87ad9285acdd9b3e8fec1b981ea1e611ead1a65c257b606fb7c0d,bed362c86fac838fd8bf82a8c5b32ec99787089f5938b4aede49f4ac78de3db1,c398da7e8857cfc50c0e845a335e3c60e8d2e20173cd231298fd749d9abe1031,d2f443a620bd37806892171e70163415239d1b8ee12da1852b5e8f45ad1161a3,dec2235523cb0cc68f2adcec1126bc1da706ad5e49385b2d2e54d15cde1bb3d1,e85f8a02b27bee29d7ee58bee4f39484ab1727be7df9bb94e1a3b600b0fb6feb,f8aa03b798251f79fce14c82e0f026c775d545b62d318f0d42f695ee079d849c
01127b04b91241c1f571fec4df2b2b82ca80f34aac81f377e6a990a550e10f60,1.0,0.8545923321093362,0.848922158836546,0.6665846079957785,0.8326670946050606,0.7945538431119992,0.7870915712153297,0.7408442019143526,0.7408442019143526,0.8487622520775084,0.8472513224122352,0.9070858082582753,0.9116832099779232,0.7870915712153297,0.7408442019143526,0.8628736270692665,0.8630958474348549,0.7233878062541355,0.7417546946200821,0.7408442019143526,0.8555713502210376,0.7827213502990393,0.7882573495306456,0.7408442019143526,0.8364425842614299,0.8472513224122352,0.756215923562345,0.8764625146667745,0.7087854803753668,0.8626054941997962,0.7408442019143526,0.9131999853179157,0.697916980353382,0.8915820779006259,0.8292902718098798,0.8472513224122352,0.750626795989038,0.7944078303968148,0.8632414479970391,0.8787026404251672,0.7754502909603054,0.7482039861301567,0.8040567995033095,0.8677084477632543,0.842951043307716,0.7408442019143526,0.8653291247360474,0.7127578365543205,0.9292188626435889,0.9048087629428122,0.7408442019143526
03716692ca8ac4a9e72a7ce850b8aab89c3b48cc4748fd9fd4369d80f36c3511,0.8545923321093362,1.0,0.7137906486335781,0.9084525112885202,0.9023387309003844,0.8884554791237868,0.9176970225703782,0.7496733241043205,0.7496733241043205,0.9176173212388774,0.7984833099829542,0.8275373777657268,0.8804654575647903,0.9176970225703782,0.7791580272652515,0.8344102359565063,0.8305530547462351,0.8013113205583929,0.7498389516954679,0.7791580272652515,0.9058669037171252,0.8539347772686616,0.8839133882605447,0.7791580272652515,0.8611647282135654,0.8461838845641685,0.831457474004276,0.8879971744815864,0.7491137375367853,0.9056055161259623,0.7496733241043205,0.8198266780281712,0.5521710223274298,0.0,0.8435962040993861,0.7984833099829542,0.6683115855275272,0.8833097515492174,0.8399481753885258,0.8984738905265943,0.8500107315077613,0.7505939268640822,0.8884554791237868,0.8681350832740533,0.8381801713114015,0.7496733241043205,0.8815114810656942,0.7502234116313367,0.8376864843674329,0.8252002486224925,0.7791580272652515
0cdc3726f71eec9d61f155ddcfcd49670e0ccc883dab06757ae328dfae25d185,0.848922158836546,0.7137906486335781,1.0,0.6896625456967223,0.8155823107772204,0.6584777995264217,0.7959135471277994,0.6332798351367437,0.6332798351367437,0.7707161017779866,0.6885698166790074,0.9347456738864405,0.8645661023265317,0.7959135471277994,0.6332798351367437,0.8083988692321168,0.916856637149077,0.5503505436146323,0.6114862752552532,0.6332798351367437,0.7772437974430493,0.7733474948830954,0.7463921272776866,0.6332798351367437,0.7422670692957641,0.6885698166790074,0.7937240002045248,0.7475200266879136,0.5927397512576332,0.8712012371136718,0.6332798351367437,0.9377248107342275,0.6751124476088436,0.853314564204966,0.7745371790021149,0.6885698166790074,0.5834500209052479,0.7534249579472204,0.8237395153243117,0.7706264431128521,0.7966815754880405,0.7872182994941573,0.7857044632020839,0.7766427298217735,0.8304071245572974,0.6332798351367437,0.8573740597626447,0.7908810644470942,0.8770942258275441,0.8759871777208297,0.6332798351367437
106a0a6daf1a792a3f307aabc53ab06e53db1c769c3c9e3721bb91733ca9c64e,0.6665846079957785,0.9084525112885202,0.6896625456967223,1.0,0.9000171660297717,0.905023086319847,0.8659027274179975,0.8284080367880564,0.0,0.9367330811635737,0.8267267202048774,0.7605709798808538,0.8554624196817834,0.8659027274179975,0.8284080367880564,0.8953930621552734,0.8016842966000806,0.7406061635581707,0.8284080367880564,0.8284080367880564,0.9299638628021457,0.930432313567485,0.8538594769705549,0.8284080367880564,0.922911764789956,0.8267267202048774,0.7960060399782326,0.923432810442104,0.7920239508476762,0.8474726249273837,0.8284080367880564,0.8394024320920849,0.6831396981264677,0.8436945356680041,0.8885407782118034,0.8267267202048774,0.8262074358065138,0.9002774949096333,0.8375138330518991,0.8795996290124539,0.8476533291109434,0.784881909508437,0.905023086319847,0.8489051673163415,0.8431144970329608,0.8284080367880564,0.8487947932532447,0.7407791468370822,0.7659546392231017,0.8726093107765415,0.8284080367880564
17ba0e7b61fe63b4a5e0194df15867de7b947284c8a9c6ee4b3becc4db1c1cf7,0.8326670946050606,0.9023387309003844,0.8155823107772204,0.9000171660297717,1.0,0.9177729268417337,0.8723759053972585,0.7957425976190672,0.7957425976190672,0.7648773715403998,0.8404132428608139,0.8112994561932322,0.8479668449954684,0.8723759053972585,0.7957425976190672,0.9074084680651134,0.8589619708864673,0.8035642354914243,0.7957425976190672,0.7957425976190672,0.9161744320843713,0.6619084679967606,0.7679246666325601,0.7957425976190672,0.9062528505292344,0.8404132428608139,0.904730600125732,0.8113044790570274,0.7884388972003727,0.813727275244014,0.7957425976190672,0.8939631308703405,0.8311161506380469,0.9021318415683056,0.8914621920746317,0.8404132428608139,0.7535869798544031,0.9195767606093914,0.8286184425442845,0.9258404284298346,0.8801731303643924,0.6181295269873451,0.9177729268417337,0.9140550856323334,0.8698525668067464,0.7957425976190672,0.8492659603252755,0.6569270205431968,0.879893545508743,0.7698406889470805,0.7957425976190672
1caa9f235a17a01beda7d0bbcbb40ea8e565b3ceb5e4fc00805c2002f3a4a210,0.7945538431119992,0.8884554791237868,0.6584777995264217,0.905023086319847,0.9177729268417337,1.0,0.8823871726776892,0.0,0.6414448797999902,0.9337986838744403,0.6308279380449289,0.8257075729881005,0.8204705934015954,0.8823871726776892,0.6414448797999902,0.8471957225240558,0.7819252187377073,0.8007454790848536,0.0,0.6414448797999902,0.9024438413660296,0.9142243499701423,0.8947070089977297,0.6414448797999902,0.8664421676379374,0.6308279380449289,0.8525146926005283,0.9163536081155406,0.7292936005584242,0.8850496320174126,0.6414448797999902,0.8167768161536669,0.0,0.0,0.8634699408083983,0.6308279380449289,0.6171038688085794,0.8359020681808662,0.8291707243525378,0.8548459118842806,0.8507572560855456,0.7523119771923947,0.9305736957829723,0.8923690784900663,0.8783602474749239,0.0,0.8371688130201492,0.7629650437699352,0.741364227162103,0.8021913192311534,0.6414448797999902
2cbdada38a8e4e55fc0f20c98eb86bc0ca02fe9292b563151823553c1aeaa05f,0.7870915712153297,0.9176970225703782,0.7959135471277994,0.8659027274179975,0.8723759053972585,0.8823871726776892,1.0,0.6655406078165282,0.7397159050297841,0.9015729873363512,0.7953852727548812,0.8076704642321063,0.827964042949414,0.942040386386482,0.7397159050297841,0.9115487920057334,0.8069387338298,0.8131244967989113,0.6780604973349835,0.7397159050297841,0.8779541359758587,0.8902967002224639,0.8871701341190764,0.7397159050297841,0.9017849571326673,0.7953852727548812,0.8331528242080869,0.8902374963400836,0.7310984833308796,0.891994411771179,0.6655406078165282,0.8722534845721712,0.8211946580700822,0.8449503429117121,0.89993454998907,0.7953852727548812,0.772298086009986,0.8971843202335795,0.83681280528367,0.8447696242816599,0.9055361858700625,0.7190969274055306,0.8823871726776892,0.9401084063436812,0.8594548789291855,0.6655406078165282,0.855672212659727,0.6838193400456717,0.7370721543411781,0.7577971067479973,0.7397159050297841
3d7f26cad94f7db56119cb9b2b559f9c5a118f11f8e042a0e9750a1b905344e3,0.7408442019143526,0.7496733241043205,0.6332798351367437,0.8284080367880564,0.7957425976190672,0.0,0.6655406078165282,1.0,0.8645056872821105,0.8001979864598937,0.7439509020887878,0.5208204374327723,0.7211146326416341,0.6655406078165282,0.8645056872821105,0.7571619224199106,0.723321893935182,0.7607112865462416,0.8659263064307621,0.8645056872821105,0.6248696736204304,0.8015321989672678,0.7191602458164048,0.8645056872821105,0.6430497991788083,0.7439509020887878,0.7775095381908534,0.7760688362202103,0.74624835852037,0.7424162024748316,0.8645056872821105,0.7199608592737018,0.8350377265661616,0.8639307895026459,0.7359650925542743,0.7439509020887878,0.8769390688118969,0.7870223878224322,0.7321429102332825,0.0,0.7963731077220946,0.7037813314557815,0.8275412071413403,0.6751038603927522,0.6596663693726577,0.8645056872821105,0.7621191996588657,0.7544331949130728,0.6947105678222226,0.6357369371691063,0.8645056872821105
3e0b38c8b37454af6a03b1bad874e536d7c1074bf45f9a20d9dedeaa39d58aef,0.7408442019143526,0.7496733241043205,0.6332798351367437,0.0,0.7957425976190672,0.6414448797999902,0.7397159050297841,0.8645056872821105,1.0,0.8001979864598937,0.7439509020887878,0.5208204374327723,0.7211146326416341,0.7397159050297841,0.8645056872821105,0.7571619224199106,0.723321893935182,0.7607112865462416,0.8659263064307621,0.8645056872821105,0.5904313547273882,0.8015321989672678,0.7191602458164048,0.8645056872821105,0.7331017526134883,0.7439509020887878,0.7775095381908534,0.7760688362202103,0.74624835852037,0.7424162024748316,0.8645056872821105,0.7199608592737018,0.8350377265661616,0.8639307895026459,0.7537002649649578,0.7439509020887878,0.8769390688118969,0.7870223878224322,0.7321429102332825,0.0,0.7963731077220946,0.7037813314557815,0.8275412071413403,0.6751038603927522,0.6596663693726577,0.8645056872821105,0.7621191996588657,0.7544331949130728,0.6947105678222226,0.6357369371691063,0.8645056872821105
4386136741f5fd141db6dd4df6b0fb0bd789be6cd9d82e961cbd15b8ee4b5e76,0.8487622520775084,0.9176173212388774,0.7707161017779866,0.9367330811635737,0.7648773715403998,0.9337986838744403,0.9015729873363512,0.8001979864598937,0.8001979864598937,1.0,0.8528832662535412,0.7781834220083672,0.7162445142420387,0.9015729873363512,0.8001979864598937,0.9396122496235358,0.838423258940507,0.8625796033982861,0.8001979864598937,0.8001979864598937,0.9405318617802937,0.8638333850152379,0.7180901274923066,0.8001979864598937,0.9061435174727764,0.8528832662535412,0.8963140998419207,0.8242135003306028,0.8828485783249443,0.7433251202403691,0.8001979864598937,0.8877799851748542,0.8684845353704609,0.8402501201653163,0.8458554741028939,0.8528832662535412,0.7812127636652534,0.9244729043348887,0.7923398404682133,0.930432313567485,0.9095143108382666,0.7390255329915834,0.9337986838744403,0.8964793331611249,0.7285241059327766,0.8001979864598937,0.8074744123054372,0.673129552802736,0.7845152963468247,0.8496657363815149,0.8001979864598937
43b550b52f4b1dfb2c377f4e68de24e503da716370c773fd0518d2f592d6654b,0.8472513224122352,0.7984833099829542,0.6885698166790074,0.8267267202048774,0.8404132428608139,0.6308279380449289,0.7953852727548812,0.7439509020887878,0.7439509020887878,0.8528832662535412,1.0,0.6678130129972996,0.8252606239865777,0.7953852727548812,0.7439509020887878,0.6732362847482538,0.7144147398831341,0.8317032817700732,0.7439509020887878,0.7439509020887878,0.8124895773215899,0.8185178347783716,0.7146680482597335,0.7439509020887878,0.0,0.8385280305019239,0.8126238053346276,0.853920104057718,0.8487507626157151,0.6614495338902204,0.7439509020887878,0.6192238332057394,0.8558919922209144,0.740045335614135,0.8394778417118486,0.8385280305019239,0.880797384396696,0.806697049703939,0.7796411494210193,0.868087894064366,0.7958915576176824,0.7813082115566464,0.7101038706163907,0.7644240638241863,0.7983327764969055,0.7439509020887878,0.6596663693726577,0.7633377374912302,0.7077104704952754,0.6999426161494264,0.7439509020887878
4560795c102dd579f32b074ec2de1f349e38d7df2aa5b9d324ece24fe8110516,0.9070858082582753,0.8275373777657268,0.9347456738864405,0.7605709798808538,0.8112994561932322,0.8257075729881005,0.8076704642321063,0.5208204374327723,0.5208204374327723,0.7781834220083672,0.6678130129972996,1.0,0.884438504410564,0.8076704642321063,0.5208204374327723,0.8332684569062804,0.8485225695975603,0.6861297465366714,0.5298551364772235,0.5208204374327723,0.8048607561458432,0.8204466447896709,0.7357847429010144,0.5208204374327723,0.825837904242796,0.6678130129972996,0.5601302893662887,0.7659783117138909,0.7076227489899006,0.8511815198384625,0.5208204374327723,0.8237236477704237,0.6019131568098482,0.9368637042757377,0.7955421226283714,0.6678130129972996,0.6545033731558579,0.6581692035504373,0.8638304626843635,0.7806336248292318,0.7099200608118232,0.7419016652382262,0.8257075729881005,0.8109572950612801,0.811631772340672,0.5208204374327723,0.8688278161732155,0.7383168779044602,0.8756717185830855,0.8613662762395796,0.5208204374327723
50a67cd69b6cc76f62f9d08c9598234dc64c133ed5bb7196b7509366771087f5,0.9116832099779232,0.8804654575647903,0.8645661023265317,0.8554624196817834,0.8479668449954684,0.8204705934015954,0.827964042949414,0.7211146326416341,0.7211146326416341,0.7162445142420387,0.8252606239865777,0.884438504410564,1.0,0.827964042949414,0.7211146326416341,0.8509443156017915,0.7898515189000949,0.7188653263087164,0.7211146326416341,0.7211146326416341,0.663301915583607,0.7906908696424135,0.817771040470868,0.7211146326416341,0.8627118050466134,0.8252606239865777,0.8433366896393205,0.7631719053339687,0.7911545221593613,0.8531952338302179,0.7211146326416341,0.8723589846972424,0.7291191479483832,0.8337388566966575,0.8466907134824261,0.8252606239865777,0.7472211900528943,0.8116319113969962,0.8564555596576564,0.8662768996653315,0.8146507455297055,0.7522973708801444,0.838701234770564,0.896768787483438,0.8189823033491823,0.7211146326416341,0.842951043307716,0.784848657005465,0.9462541275353028,0.9162663896427232,0.7211146326416341
5129316d54b658dc0c49e01c2f6a72b32628c67fd779f59fde6c4a1b6e174436,0.7870915712153297,0.9176970225703782,0.7959135471277994,0.8659027274179975,0.8723759053972585,0.8823871726776892,0.942040386386482,0.6655406078165282,0.7397159050297841,0.9015729873363512,0.7953852727548812,0.8076704642321063,0.827964042949414,1.0,0.7397159050297841,0.9115487920057334,0.8069387338298,0.8131244967989113,0.6780604973349835,0.7397159050297841,0.8779541359758587,0.8902967002224639,0.8871701341190764,0.7397159050297841,0.9017849571326673,0.7953852727548812,0.8331528242080869,0.8902374963400836,0.7310984833308796,0.891994411771179,0.6655406078165282,0.8722534845721712,0.8211946580700822,0.8449503429117121,0.89993454998907,0.7953852727548812,0.772298086009986,0.8971843202335795,0.83681280528367,0.8447696242816599,0.9055361858700625,0.7190969274055306,0.8823871726776892,0.9401084063436812,0.8594548789291855,0.6655406078165282,0.855672212659727,0.6838193400456717,0.7370721543411781,0.7577971067479973,0.7397159050297841
59b6ca618a3c185d4f62f7dc4181ced11551bb2d99374e386e6dfa23740320eb,0.7408442019143526,0.7791580272652515,0.6332798351367437,0.8284080367880564,0.7957425976190672,0.6414448797999902,0.7397159050297841,0.8645056872821105,0.8645056872821105,0.8001979864598937,0.7439509020887878,0.5208204374327723,0.7211146326416341,0.7397159050297841,1.0,0.7579660717721921,0.723321893935182,0.7607112865462416,0.8659263064307621,0.8645056872821105,0.6248696736204304,0.8015321989672678,0.7191602458164048,0.8645056872821105,0.7331017526134883,0.7439509020887878,0.7775095381908534,0.7760688362202103,0.74624835852037,0.7424162024748316,0.8645056872821105,0.7199608592737018,0.8350377265661616,0.8639307895026459,0.7537002649649578,0.7439509020887878,0.8769390688118969,0.7870223878224322,0.7321429102332825,0.8666770731676967,0.7963731077220946,0.7780068185527906,0.8275412071413403,0.7592648694426354,0.6596663693726577,0.8645056872821105,0.7621191996588657,0.7544331949130728,0.6947105678222226,0.6357369371691063,0.8645056872821105
5b7f17fe156e1936f8d4b46e46653e2e3a800fc61f4940ad883aa42f3bc74791,0.8628736270692665,0.8344102359565063,0.8083988692321168,0.8953930621552734,0.9074084680651134,0.8471957225240558,0.9115487920057334,0.7571619224199106,0.7571619224199106,0.9396122496235358,0.6732362847482538,0.8332684569062804,0.8509443156017915,0.9115487920057334,0.7579660717721921,1.0,0.8281696622575522,0.7948353717698933,0.7571619224199106,0.7579660717721921,0.9395268694285516,0.9122035867484201,0.8501614648060173,0.7579660717721921,0.9031681831707321,0.6732362847482538,0.7182560172396937,0.9357932897304403,0.7206381234530159,0.8891536922189537,0.7571619224199106,0.8578325608887399,0.6495961785141988,0.8135233765442837,0.8370275547820017,0.6732362847482538,0.5428031330860402,0.8247704056582945,0.83771186672872,0.8941999376544122,0.8448966375279328,0.7595560127296958,0.8471957225240558,0.9201674269963296,0.8644423456473168,0.7571619224199106,0.8396251414938248,0.6838193400456717,0.8710882059345553,0.7914448068458777,0.7579660717721921
5dc861269168fd9b87852f7f27e2aa585698310bc72f3a28769fee02eea190e5,0.8630958474348549,0.8305530547462351,0.916856637149077,0.8016842966000806,0.8589619708864673,0.7819252187377073,0.8069387338298,0.723321893935182,0.723321893935182,0.838423258940507,0.7144147398831341,0.8485225695975603,0.7898515189000949,0.8069387338298,0.723321893935182,0.8281696622575522,1.0,0.6848174955738344,0.723321893935182,0.723321893935182,0.7697673385160906,0.8045882057989204,0.7729316775108986,0.723321893935182,0.8205640608260368,0.7144147398831341,0.8333559899070129,0.8576560461639241,0.8175705293923407,0.8859614099182553,0.723321893935182,0.9297875971500146,0.5992611507059147,0.8955527285425057,0.8765379658893729,0.7144147398831341,0.7969128491636921,0.6515333353499791,0.8369700171808989,0.8163438755870245,0.8088660450159548,0.8239212777259458,0.7992189088220633,0.7728898389851503,0.8215197948974601,0.723321893935182,0.8549010754080035,0.7490401792846997,0.8979074697026719,0.9332771036855442,0.723321893935182
5e1a8ca0ee46e49ae205a6ede7a09d251705b0c8c4129611756b674d6058473f,0.7233878062541355,0.8013113205583929,0.5503505436146323,0.7406061635581707,0.8035642354914243,0.8007454790848536,0.8131244967989113,0.7607112865462416,0.7607112865462416,0.8625796033982861,0.8317032817700732,0.6861297465366714,0.7188653263087164,0.8131244967989113,0.7607112865462416,0.7948353717698933,0.6848174955738344,1.0,0.7853527537489625,0.7607112865462416,0.7724449613233518,0.8585608640888771,0.7156599896971726,0.7607112865462416,0.8204492508206869,0.8317032817700732,0.79899420810461,0.8724495259851888,0.757454973830246,0.7376912960338218,0.7607112865462416,0.8245420536198304,0.7620008375813604,0.6949563175603019,0.7826387522428597,0.8317032817700732,0.8075492241910944,0.7822719584616575,0.7137630692338203,0.8263151594400602,0.779189096233477,0.7686627930266366,0.8007454790848536,0.7973870490301959,0.7155892249314095,0.7607112865462416,0.7225076850765967,0.7585976358095211,0.6862625373819458,0.7157315528725514,0.7607112865462416
65ebb04bb5a2d4e07258b8f8c46300998e9ba15a92904906cb6c7d82452bdf77,0.7417546946200821,0.7498389516954679,0.6114862752552532,0.8284080367880564,0.7957425976190672,0.0,0.6780604973349835,0.8659263064307621,0.8659263064307621,0.8001979864598937,0.7439509020887878,0.5298551364772235,0.7211146326416341,0.6780604973349835,0.8659263064307621,0.7571619224199106,0.723321893935182,0.7853527537489625,1.0,0.8659263064307621,0.6248696736204304,0.8015321989672678,0.7013848557811114,0.8659263064307621,0.7569369521868903,0.7439509020887878,0.7775095381908534,0.7760688362202103,0.7625477380957573,0.7424162024748316,0.8659263064307621,0.7199608592737018,0.8350377265661616,0.8639307895026459,0.7359650925542743,0.7439509020887878,0.86839283021555,0.7004076715366844,0.7321429102332825,0.0,0.7963731077220946,0.7813744124622091,0.8050627083945049,0.6751038603927522,0.6596663693726577,0.8659263064307621,0.7476094833832183,0.7544331949130728,0.6947105678222226,0.6357369371691063,0.8659263064307621
66188b5d7c68339c2fd014afdd45beff4a9634a2b489489904b970dc32b9e761,0.7408442019143526,0.7791580272652515,0.6332798351367437,0.8284080367880564,0.7957425976190672,0.6414448797999902,0.7397159050297841,0.8645056872821105,0.8645056872821105,0.8001979864598937,0.7439509020887878,0.5208204374327723,0.7211146326416341,0.7397159050297841,0.8645056872821105,0.7579660717721921,0.723321893935182,0.7607112865462416,0.8659263064307621,1.0,0.6248696736204304,0.8015321989672678,0.7191602458164048,0.8645056872821105,0.7331017526134883,0.7439509020887878,0.7775095381908534,0.7760688362202103,0.74624835852037,0.7424162024748316,0.8645056872821105,0.7199608592737018,0.8350377265661616,0.8639307895026459,0.7537002649649578,0.7439509020887878,0.8769390688118969,0.7870223878224322,0.7321429102332825,0.8666770731676967,0.7963731077220946,0.7780068185527906,0.8275412071413403,0.7592648694426354,0.6596663693726577,0.8645056872821105,0.7621191996588657,0.7544331949130728,0.6947105678222226,0.6357369371691063,0.8645056872821105
6640c359a692b5873d62523e1867fa336cbe7772e4d574e8e1c372183976e6c3,0.8555713502210376,0.9058669037171252,0.7772437974430493,0.9299638628021457,0.9161744320843713,0.9024438413660296,0.8779541359758587,0.6248696736204304,0.5904313547273882,0.9405318617802937,0.8124895773215899,0.8048607561458432,0.663301915583607,0.8779541359758587,0.6248696736204304,0.9395268694285516,0.7697673385160906,0.7724449613233518,0.6248696736204304,0.6248696736204304,1.0,0.9159614509963067,0.9175375678425235,0.6248696736204304,0.9299422567648052,0.8124895773215899,0.8626244003370277,0.9304480025551068,0.8069446831029945,0.9080305746060571,0.6248696736204304,0.8262536613286237,0.7699653762663725,0.8245986731413009,0.8377626610116805,0.8124895773215899,0.666572801785799,0.8320884959656304,0.8583925128601061,0.8957441238645173,0.8763453137783466,0.7128776993467982,0.9024438413660296,0.9299546673294216,0.8454804120022824,0.6248696736204304,0.8420338186176438,0.7959556482697812,0.8710882059345553,0.8034043859843439,0.6248696736204304
77a4600384293546a4be858017bae319ec6bdbf5180c0fe326d2e0531298de49,0.7827213502990393,0.8539347772686616,0.7733474948830954,0.930432313567485,0.6619084679967606,0.9142243499701423,0.8902967002224639,0.8015321989672678,0.8015321989672678,0.8638333850152379,0.8185178347783716,0.8204466447896709,0.7906908696424135,0.8902967002224639,0.8015321989672678,0.9122035867484201,0.8045882057989204,0.8585608640888771,0.8015321989672678,0.8015321989672678,0.9159614509963067,1.0,0.7147853630009164,0.8015321989672678,0.8708813621350427,0.8185178347783716,0.8785790478249901,0.8668935226141466,0.8667718422058484,0.838932335999383,0.8015321989672678,0.7774943999873409,0.7883422740415195,0.8286057542610481,0.8650678080542477,0.8185178347783716,0.8329232041239572,0.8377282365249569,0.767717753348816,0.9200110283895997,0.82390829365426,0.7555138444525858,0.9142243499701423,0.8822111114474851,0.7620129829501197,0.8015321989672678,0.7481880122634776,0.6879422116955863,0.8277097543777658,0.8553182638333032,0.8015321989672678
77f1c856152221f6c750a0ad91e44498441864ec730dda495e7885834e4da9c7,0.7882573495306456,0.8839133882605447,0.7463921272776866,0.8538594769705549,0.7679246666325601,0.8947070089977297,0.8871701341190764,0.7191602458164048,0.7191602458164048,0.7180901274923066,0.7146680482597335,0.7357847429010144,0.817771040470868,0.8871701341190764,0.7191602458164048,0.8501614648060173,0.7729316775108986,0.7156599896971726,0.7013848557811114,0.7191602458164048,0.9175375678425235,0.7147853630009164,1.0,0.7191602458164048,0.9070631347796474,0.7146680482597335,0.8576680827864337,0.73756282407675,0.6211132159032628,0.8539180594094442,0.7191602458164048,0.7925023679891331,0.6448596040291246,0.8221068137283962,0.9076145116773227,0.7146680482597335,0.6448596040291246,0.8496588338644337,0.6489685930202128,0.8733834307130199,0.8711159501237565,0.6729856291984462,0.8947070089977297,0.8684837259960174,0.786740282988704,0.7191602458164048,0.8968682067827501,0.7088335405220232,0.7558118341197066,0.7631145979218316,0.7191602458164048
7a81dab147180ed3f42c8eea72892fbc0058db891c76ec21bcfea43e691b6042,0.7408442019143526,0.7791580272652515,0.6332798351367437,0.8284080367880564,0.7957425976190672,0.6414448797999902,0.7397159050297841,0.8645056872821105,0.8645056872821105,0.8001979864598937,0.7439509020887878,0.5208204374327723,0.7211146326416341,0.7397159050297841,0.8645056872821105,0.7579660717721921,0.723321893935182,0.7607112865462416,0.8659263064307621,0.8645056872821105,0.6248696736204304,0.8015321989672678,0.7191602458164048,1.0,0.7331017526134883,0.7439509020887878,0.7775095381908534,0.7760688362202103,0.74624835852037,0.7424162024748316,0.8645056872821105,0.7199608592737018,0.8350377265661616,0.8639307895026459,0.7537002649649578,0.7439509020887878,0.8769390688118969,0.7870223878224322,0.7321429102332825,0.8666770731676967,0.7963731077220946,0.7037813314557815,0.8275412071413403,0.7592648694426354,0.6596663693726577,0.8645056872821105,0.7621191996588657,0.7544331949130728,0.6947105678222226,0.6357369371691063,0.8645056872821105
85b1c4cc5318dd85eeb0ba1340880e79279d162572fa9a27e161e74048cdde09,0.8364425842614299,0.8611647282135654,0.7422670692957641,0.922911764789956,0.9062528505292344,0.8664421676379374,0.9017849571326673,0.6430497991788083,0.7331017526134883,0.9061435174727764,0.0,0.825837904242796,0.8627118050466134,0.9017849571326673,0.7331017526134883,0.9031681831707321,0.8205640608260368,0.8204492508206869,0.7569369521868903,0.7331017526134883,0.9299422567648052,0.8708813621350427,0.9070631347796474,0.7331017526134883,1.0,0.8375008313843864,0.7933398006354934,0.8493869161757023,0.7077276505806586,0.8637588574143362,0.7331017526134883,0.8185419222312802,0.8578011013465606,0.7895780685724103,0.8796949855588059,0.0,0.6733876566769402,0.849484718856279,0.83771186672872,0.894287171833791,0.8817711936834357,0.74154445366241,0.8664421676379374,0.9276657706323899,0.8534352971119488,0.6430497991788083,0.8516509288904951,0.7591237220965988,0.8933321257276718,0.8475894292603886,0.7331017526134883
8638d99d4bf66cb8c20f56c1c6a78e6a9914422e3d9ba2fb030c1e390d99c364,0.8472513224122352,0.8461838845641685,0.6885698166790074,0.8267267202048774,0.8404132428608139,0.6308279380449289,0.7953852727548812,0.7439509020887878,0.7439509020887878,0.8528832662535412,0.8385280305019239,0.6678130129972996,0.8252606239865777,0.7953852727548812,0.7439509020887878,0.6732362847482538,0.7144147398831341,0.8317032817700732,0.7439509020887878,0.7439509020887878,0.8124895773215899,0.8185178347783716,0.7146680482597335,0.7439509020887878,0.8375008313843864,1.0,0.8126238053346276,0.853920104057718,0.8487507626157151,0.6614495338902204,0.7439509020887878,0.6192238332057394,0.8558919922209144,0.740045335614135,0.8394778417118486,0.8385280305019239,0.880797384396696,0.806697049703939,0.7796411494210193,0.868087894064366,0.7958915576176824,0.7813082115566464,0.7101038706163907,0.7644240638241863,0.7983327764969055,0.7439509020887878,0.6596663693726577,0.7633377374912302,0.7077104704952754,0.6999426161494264,0.7439509020887878
8798f9b8c295bbc448747cad623d3eaa638b083c9ade926526155ad16f36a43a,0.756215923562345,0.831457474004276,0.7937240002045248,0.7960060399782326,0.904730600125732,0.8525146926005283,0.8331528242080869,0.7775095381908534,0.7775095381908534,0.8963140998419207,0.8126238053346276,0.5601302893662887,0.8433366896393205,0.8331528242080869,0.7775095381908534,0.7182560172396937,0.8333559899070129,0.79899420810461,0.7775095381908534,0.7775095381908534,0.8626244003370277,0.8785790478249901,0.8576680827864337,0.7775095381908534,0.7933398006354934,0.8126238053346276,1.0,0.8659601004804266,0.6120045322707113,0.8261698273889605,0.7775095381908534,0.7796145963335789,0.7001721656356,0.6420174827255761,0.8265634937125078,0.8126238053346276,0.7609770120905683,0.912263285132594,0.8617095185047319,0.8475672964423657,0.9541733999685396,0.7495311568764905,0.8525146926005283,0.8350045914903407,0.8065086854474233,0.7775095381908534,0.8654136920532761,0.7021273696733331,0.7776184174443795,0.559805261497634,0.7775095381908534
8becca8f69b1d4d9d1f02d84dac249dca1b1a0ae7928a55f9ed3d738f4bad097,0.8764625146667745,0.8879971744815864,0.7475200266879136,0.923432810442104,0.8113044790570274,0.9163536081155406,0.8902374963400836,0.7760688362202103,0.7760688362202103,0.8242135003306028,0.853920104057718,0.7659783117138909,0.7631719053339687,0.8902374963400836,0.7760688362202103,0.9357932897304403,0.8576560461639241,0.8724495259851888,0.7760688362202103,0.7760688362202103,0.9304480025551068,0.8668935226141466,0.73756282407675,0.7760688362202103,0.8493869161757023,0.853920104057718,0.8659601004804266,1.0,0.8373157880572057,0.7496428877451918,0.7760688362202103,0.8734606564250069,0.8169926330232454,0.8230323922023001,0.8628047221557482,0.853920104057718,0.8577003123243222,0.902677911799569,0.8070448829482679,0.9269461984961331,0.866629265189392,0.6969789682847687,0.9163536081155406,0.8697171103150104,0.8115906680441565,0.7760688362202103,0.7840996010879411,0.7314092712551385,0.793358110440574,0.8489002345320646,0.7760688362202103
8dd10e4c239b0c0d8bdfb551cdd27c9436df23c2cfedd2c8fb652d856b56f31e,0.7087854803753668,0.7491137375367853,0.5927397512576332,0.7920239508476762,0.7884388972003727,0.7292936005584242,0.7310984833308796,0.74624835852037,0.74624835852037,0.8828485783249443,0.8487507626157151,0.7076227489899006,0.7911545221593613,0.7310984833308796,0.74624835852037,0.7206381234530159,0.8175705293923407,0.757454973830246,0.7625477380957573,0.74624835852037,0.8069446831029945,0.8667718422058484,0.6211132159032628,0.74624835852037,0.7077276505806586,0.8487507626157151,0.6120045322707113,0.8373157880572057,1.0,0.7152168283366135,0.74624835852037,0.7911545221593613,0.7934145637949797,0.6991298307936724,0.709206936310078,0.8487507626157151,0.7907255772557926,0.6412294145078136,0.7854562297911623,0.7164951074496406,0.8247838570111385,0.7622924979823685,0.7292936005584242,0.7038451798139819,0.7307747058440544,0.74624835852037,0.7392339099822564,0.7237295869511848,0.7922674161255212,0.6711716418188703,0.74624835852037
8e2323db86119c98d67039232a77a8a363395ab91d80e0ca7844ba633c1375eb,0.8626054941997962,0.9056055161259623,0.8712012371136718,0.8474726249273837,0.813727275244014,0.8850496320174126,0.891994411771179,0.7424162024748316,0.7424162024748316,0.7433251202403691,0.6614495338902204,0.8511815198384625,0.8531952338302179,0.891994411771179,0.7424162024748316,0.8891536922189537,0.8859614099182553,0.7376912960338218,0.7424162024748316,0.7424162024748316,0.9080305746060571,0.838932335999383,0.8539180594094442,0.7424162024748316,0.8637588574143362,0.6614495338902204,0.8261698273889605,0.7496428877451918,0.7152168283366135,1.0,0.7424162024748316,0.8887421484156379,0.7538307317386531,0.8807314896746938,0.8470191060183994,0.6614495338902204,0.7439334017648686,0.890705794565578,0.8195456199153843,0.8361839365522014,0.8552238328434068,0.5104881788324385,0.8850496320174126,0.8698957505234207,0.7959482320378761,0.7424162024748316,0.8395817369591556,0.7025305594364555,0.817441333016923,0.8754270905481834,0.7424162024748316
8fa729d10f347963af340c74502cd76be873e0e83bbf924a35d2e7aa003488f3,0.7408442019143526,0.7496733241043205,0.6332798351367437,0.8284080367880564,0.7957425976190672,0.6414448797999902,0.6655406078165282,0.8645056872821105,0.8645056872821105,0.8001979864598937,0.7439509020887878,0.5208204374327723,0.7211146326416341,0.6655406078165282,0.8645056872821105,0.7571619224199106,0.723321893935182,0.7607112865462416,0.8659263064307621,0.8645056872821105,0.6248696736204304,0.8015321989672678,0.7191602458164048,0.8645056872821105,0.7331017526134883,0.7439509020887878,0.7775095381908534,0.7760688362202103,0.74624835852037,0.7424162024748316,1.0,0.7199608592737018,0.8350377265661616,0.8639307895026459,0.7359650925542743,0.7439509020887878,0.8769390688118969,0.7870223878224322,0.7321429102332825,0.8666770731676967,0.7963731077220946,0.7037813314557815,0.8275412071413403,0.7592648694426354,0.6596663693726577,0.8645056872821105,0.7621191996588657,0.7544331949130728,0.6947105678222226,0.6357369371691063,0.8645056872821105
8fe7fe58ed60dc85362ec4afca1919da2744fd8da455d36c352d60e5bde9c7b5,0.9131999853179157,0.8198266780281712,0.9377248107342275,0.8394024320920849,0.8939631308703405,0.8167768161536669,0.8722534845721712,0.7199608592737018,0.7199608592737018,0.8877799851748542,0.6192238332057394,0.8237236477704237,0.8723589846972424,0.8722534845721712,0.7199608592737018,0.8578325608887399,0.9297875971500146,0.8245420536198304,0.7199608592737018,0.7199608592737018,0.8262536613286237,0.7774943999873409,0.7925023679891331,0.7199608592737018,0.8185419222312802,0.6192238332057394,0.7796145963335789,0.8734606564250069,0.7911545221593613,0.8887421484156379,0.7199608592737018,1.0,0.7542946994073823,0.879564602069482,0.8509408779931387,0.6192238332057394,0.7852932774542568,0.8112763234899756,0.8632414479970391,0.8632716200750239,0.7960379768433622,0.757440275897622,0.8167768161536669,0.8356090978834393,0.8189823033491823,0.7199608592737018,0.8718967751489554,0.7990171644747506,0.9343825198853822,0.9377811852002583,0.7199608592737018
900f73aa0ef86cfa4d27e4a888335102ac9d6fcfcfa3b762c80cd230377caa4a,0.697916980353382,0.5521710223274298,0.6751124476088436,0.6831396981264677,0.8311161506380469,0.0,0.8211946580700822,0.8350377265661616,0.8350377265661616,0.8684845353704609,0.8558919922209144,0.6019131568098482,0.7291191479483832,0.8211946580700822,0.8350377265661616,0.6495961785141988,0.5992611507059147,0.7620008375813604,0.8350377265661616,0.8350377265661616,0.7699653762663725,0.7883422740415195,0.6448596040291246,0.8350377265661616,0.8578011013465606,0.8558919922209144,0.7001721656356,0.8169926330232454,0.7934145637949797,0.7538307317386531,0.8350377265661616,0.7542946994073823,1.0,0.6674006650190091,0.7463205064212113,0.8558919922209144,0.8188658259030215,0.5637033904636924,0.7488335296887061,0.732313254260577,0.7312649498127032,0.7452872138077247,0.6746429973010853,0.6908276712368874,0.7159114618669652,0.8350377265661616,0.7177293315657011,0.7098898038516069,0.773614781482781,0.6390550343019092,0.8350377265661616
94f218f49eebdf40c32531104807793b6db0afff7587624f9bce08c674944e41,0.8915820779006259,0.0,0.853314564204966,0.8436945356680041,0.9021318415683056,0.0,0.8449503429117121,0.8639307895026459,0.8639307895026459,0.8402501201653163,0.740045335614135,0.9368637042757377,0.8337388566966575,0.8449503429117121,0.8639307895026459,0.8135233765442837,0.8955527285425057,0.6949563175603019,0.8639307895026459,0.8639307895026459,0.8245986731413009,0.8286057542610481,0.8221068137283962,0.8639307895026459,0.7895780685724103,0.740045335614135,0.6420174827255761,0.8230323922023001,0.6991298307936724,0.8807314896746938,0.8639307895026459,0.879564602069482,0.6674006650190091,1.0,0.8559279839632828,0.740045335614135,0.709487688777684,0.6913732553594778,0.8419489019120144,0.7914320771356368,0.6255814956391925,0.8516185582026591,0.8199242470829475,0.8309650158924459,0.8865011398971535,0.8639307895026459,0.8991524712670431,0.8380414685840196,0.8331300788402409,0.8758397281193296,0.8639307895026459
97e10e5eebe51ca1f13257824dbfc088bf9e51bc2aad947f070d846cd29a40e7,0.8292902718098798,0.8435962040993861,0.7745371790021149,0.8885407782118034,0.8914621920746317,0.8634699408083983,0.89993454998907,0.7359650925542743,0.7537002649649578,0.8458554741028939,0.8394778417118486,0.7955421226283714,0.8466907134824261,0.89993454998907,0.7537002649649578,0.8370275547820017,0.8765379658893729,0.7826387522428597,0.7359650925542743,0.7537002649649578,0.8377626610116805,0.8650678080542477,0.9076145116773227,0.7537002649649578,0.8796949855588059,0.8394778417118486,0.8265634937125078,0.8628047221557482,0.709206936310078,0.8470191060183994,0.7359650925542743,0.8509408779931387,0.7463205064212113,0.8559279839632828,1.0,0.8394778417118486,0.7156767301726439,0.8905248527393437,0.8712958932784952,0.8726555151881127,0.8534710111773663,0.7529664918523853,0.8634699408083983,0.8947994051323713,0.8318373118170395,0.7359650925542743,0.8466789643998273,0.7384063841394689,0.8229658211200231,0.8488852543717851,0.7537002649649578
9c9ccc069cec443e8e00776083ab3c261a1e5b0d72e3ef58d7b215e7e1210597,0.8472513224122352,0.7984833099829542,0.6885698166790074,0.8267267202048774,0.8404132428608139,0.6308279380449289,0.7953852727548812,0.7439509020887878,0.7439509020887878,0.8528832662535412,0.8385280305019239,0.6678130129972996,0.8252606239865777,0.7953852727548812,0.7439509020887878,0.6732362847482538,0.7144147398831341,0.8317032817700732,0.7439509020887878,0.7439509020887878,0.8124895773215899,0.8185178347783716,0.7146680482597335,0.7439509020887878,0.0,0.8385280305019239,0.8126238053346276,0.853920104057718,0.8487507626157151,0.6614495338902204,0.7439509020887878,0.6192238332057394,0.8558919922209144,0.740045335614135,0.8394778417118486,1.0,0.880797384396696,0.806697049703939,0.7796411494210193,0.868087894064366,0.7958915576176824,0.7813082115566464,0.7101038706163907,0.7644240638241863,0.7983327764969055,0.7439509020887878,0.6596663693726577,0.7633377374912302,0.7077104704952754,0.6999426161494264,0.7439509020887878
9f91589201411335be8a680661a00757e68fb94426290a77de55667721a69dc8,0.750626795989038,0.6683115855275272,0.5834500209052479,0.8262074358065138,0.7535869798544031,0.6171038688085794,0.772298086009986,0.8769390688118969,0.8769390688118969,0.7812127636652534,0.880797384396696,0.6545033731558579,0.7472211900528943,0.772298086009986,0.8769390688118969,0.5428031330860402,0.7969128491636921,0.8075492241910944,0.86839283021555,0.8769390688118969,0.666572801785799,0.8329232041239572,0.6448596040291246,0.8769390688118969,0.6733876566769402,0.880797384396696,0.7609770120905683,0.8577003123243222,0.7907255772557926,0.7439334017648686,0.8769390688118969,0.7852932774542568,0.8188658259030215,0.709487688777684,0.7156767301726439,0.880797384396696,1.0,0.7902317654377193,0.7823554421797182,0.5394221591803319,0.8084765979437143,0.6747415576870982,0.6659859643268966,0.7770028294547437,0.7093236449406624,0.8769390688118969,0.7221882536729322,0.7266257434329142,0.6390432486345154,0.6580103029635551,0.8769390688118969
a01fbcd59d2c20855bc029546d7763a7794ee0fdee762dd6ba7adb4c97daf6bd,0.7944078303968148,0.8833097515492174,0.7534249579472204,0.9002774949096333,0.9195767606093914,0.8359020681808662,0.8971843202335795,0.7870223878224322,0.7870223878224322,0.9244729043348887,0.806697049703939,0.6581692035504373,0.8116319113969962,0.8971843202335795,0.7870223878224322,0.8247704056582945,0.6515333353499791,0.7822719584616575,0.7004076715366844,0.7870223878224322,0.8320884959656304,0.8377282365249569,0.8496588338644337,0.7870223878224322,0.849484718856279,0.806697049703939,0.912263285132594,0.902677911799569,0.6412294145078136,0.890705794565578,0.7870223878224322,0.8112763234899756,0.5637033904636924,0.6913732553594778,0.8905248527393437,0.806697049703939,0.7902317654377193,1.0,0.8584604847594325,0.8117501937169213,0.8888282479632362,0.7710237490995229,0.8359020681808662,0.9382067676381499,0.8622377721012264,0.7870223878224322,0.8766051721053741,0.7614750101197428,0.8192678930316122,0.6586712992859456,0.7870223878224322
a515a7c89826895a388b67b7cd3ffc9d58a4de4ca59a0d25285cc0e8cee82775,0.8632414479970391,0.8399481753885258,0.8237395153243117,0.8375138330518991,0.8286184425442845,0.8291707243525378,0.83681280528367,0.7321429102332825,0.7321429102332825,0.7923398404682133,0.7796411494210193,0.8638304626843635,0.8564555596576564,0.83681280528367,0.7321429102332825,0.83771186672872,0.8369700171808989,0.7137630692338203,0.7321429102332825,0.7321429102332825,0.8583925128601061,0.767717753348816,0.6489685930202128,0.7321429102332825,0.83771186672872,0.7796411494210193,0.8617095185047319,0.8070448829482679,0.7854562297911623,0.8195456199153843,0.7321429102332825,0.8632414479970391,0.7488335296887061,0.8419489019120144,0.8712958932784952,0.7796411494210193,0.7823554421797182,0.8584604847594325,1.0,0.83771186672872,0.8764356864264488,0.7392493607191015,0.8291707243525378,0.8396225390859705,0.8253952527402484,0.7321429102332825,0.8205746047778347,0.6365906003991398,0.8316024423468483,0.8521143896573482,0.7321429102332825
a959c6380c9bf8e3323338c495d939a43a848a3c09c7600726996172af707ea6,0.8787026404251672,0.8984738905265943,0.7706264431128521,0.8795996290124539,0.9258404284298346,0.8548459118842806,0.8447696242816599,0.0,0.0,0.930432313567485,0.868087894064366,0.7806336248292318,0.8662768996653315,0.8447696242816599,0.8666770731676967,0.8941999376544122,0.8163438755870245,0.8263151594400602,0.0,0.8666770731676967,0.8957441238645173,0.9200110283895997,0.8733834307130199,0.8666770731676967,0.894287171833791,0.868087894064366,0.8475672964423657,0.9269461984961331,0.7164951074496406,0.8361839365522014,0.8666770731676967,0.8632716200750239,0.732313254260577,0.7914320771356368,0.8726555151881127,0.868087894064366,0.5394221591803319,0.8117501937169213,0.83771186672872,1.0,0.7760757875807746,0.7744257412651413,0.8548459118842806,0.883442255407764,0.8439663222879042,0.0,0.8891536922189537,0.7359869133839305,0.860060302870844,0.7769176101775094,0.8666770731676967
a96b863dd2e2818f68bffe40668469d039a5bacf66314163e1c404d03a4d4200,0.7754502909603054,0.8500107315077613,0.7966815754880405,0.8476533291109434,0.8801731303643924,0.8507572560855456,0.9055361858700625,0.7963731077220946,0.7963731077220946,0.9095143108382666,0.7958915576176824,0.7099200608118232,0.8146507455297055,0.9055361858700625,0.7963731077220946,0.8448966375279328,0.8088660450159548,0.779189096233477,0.7963731077220946,0.7963731077220946,0.8763453137783466,0.82390829365426,0.8711159501237565,0.7963731077220946,0.8817711936834357,0.7958915576176824,0.9541733999685396,0.866629265189392,0.8247838570111385,0.8552238328434068,0.7963731077220946,0.7960379768433622,0.7312649498127032,0.6255814956391925,0.8534710111773663,0.7958915576176824,0.8084765979437143,0.8888282479632362,0.8764356864264488,0.7760757875807746,1.0,0.759838834255143,0.8507572560855456,0.9318360227566823,0.8302283604029151,0.7963731077220946,0.846936825509516,0.7592466661374242,0.7422982609492155,0.7980525510235479,0.7963731077220946
ad7d1d3e5b32a3a6740604b73f09ac9cf3b65214bb510d7c539c72ac3b336539,0.7482039861301567,0.7505939268640822,0.7872182994941573,0.784881909508437,0.6181295269873451,0.7523119771923947,0.7190969274055306,0.7037813314557815,0.7037813314557815,0.7390255329915834,0.7813082115566464,0.7419016652382262,0.7522973708801444,0.7190969274055306,0.7780068185527906,0.7595560127296958,0.8239212777259458,0.7686627930266366,0.7813744124622091,0.7780068185527906,0.7128776993467982,0.7555138444525858,0.6729856291984462,0.7037813314557815,0.74154445366241,0.7813082115566464,0.7495311568764905,0.6969789682847687,0.7622924979823685,0.5104881788324385,0.7037813314557815,0.757440275897622,0.7452872138077247,0.8516185582026591,0.7529664918523853,0.7813082115566464,0.6747415576870982,0.7710237490995229,0.7392493607191015,0.7744257412651413,0.759838834255143,1.0,0.7450772048271036,0.8155570127774057,0.7426174710979864,0.7037813314557815,0.6742733261096109,0.7875385828036975,0.7182814244450823,0.8181663113513661,0.7780068185527906
ae09074d61861efb99ca25610230e8af066de1627176877c4dc08754ba262d09,0.8040567995033095,0.8884554791237868,0.7857044632020839,0.905023086319847,0.9177729268417337,0.9305736957829723,0.8823871726776892,0.8275412071413403,0.8275412071413403,0.9337986838744403,0.7101038706163907,0.8257075729881005,0.838701234770564,0.8823871726776892,0.8275412071413403,0.8471957225240558,0.7992189088220633,0.8007454790848536,0.8050627083945049,0.8275412071413403,0.9024438413660296,0.9142243499701423,0.8947070089977297,0.8275412071413403,0.8664421676379374,0.7101038706163907,0.8525146926005283,0.9163536081155406,0.7292936005584242,0.8850496320174126,0.8275412071413403,0.8167768161536669,0.6746429973010853,0.8199242470829475,0.8634699408083983,0.7101038706163907,0.6659859643268966,0.8359020681808662,0.8291707243525378,0.8548459118842806,0.8507572560855456,0.7450772048271036,1.0,0.8923690784900663,0.8783602474749239,0.8275412071413403,0.8371688130201492,0.7607215661494371,0.741364227162103,0.8021913192311534,0.8275412071413403
b43df3dcfc1c999700835c55692c2173c5ce362e4f2d3618807fb0866efc87bc,0.8677084477632543,0.8681350832740533,0.7766427298217735,0.8489051673163415,0.9140550856323334,0.8923690784900663,0.9401084063436812,0.6751038603927522,0.6751038603927522,0.8964793331611249,0.7644240638241863,0.8109572950612801,0.896768787483438,0.9401084063436812,0.7592648694426354,0.9201674269963296,0.7728898389851503,0.7973870490301959,0.6751038603927522,0.7592648694426354,0.9299546673294216,0.8822111114474851,0.8684837259960174,0.7592648694426354,0.9276657706323899,0.7644240638241863,0.8350045914903407,0.8697171103150104,0.7038451798139819,0.8698957505234207,0.7592648694426354,0.8356090978834393,0.6908276712368874,0.8309650158924459,0.8947994051323713,0.7644240638241863,0.7770028294547437,0.9382067676381499,0.8396225390859705,0.883442255407764,0.9318360227566823,0.8155570127774057,0.8923690784900663,1.0,0.8639643848918748,0.6751038603927522,0.8396323253894217,0.7333915399907649,0.8613223782485454,0.6940021742075154,0.7592648694426354
b9210ce07fe87ad9285acdd9b3e8fec1b981ea1e611ead1a65c257b606fb7c0d,0.842951043307716,0.8381801713114015,0.8304071245572974,0.8431144970329608,0.8698525668067464,0.8783602474749239,0.8594548789291855,0.6596663693726577,0.6596663693726577,0.7285241059327766,0.7983327764969055,0.811631772340672,0.8189823033491823,0.8594548789291855,0.6596663693726577,0.8644423456473168,0.8215197948974601,0.7155892249314095,0.6596663693726577,0.6596663693726577,0.8454804120022824,0.7620129829501197,0.786740282988704,0.6596663693726577,0.8534352971119488,0.7983327764969055,0.8065086854474233,0.8115906680441565,0.7307747058440544,0.7959482320378761,0.6596663693726577,0.8189823033491823,0.7159114618669652,0.8865011398971535,0.8318373118170395,0.7983327764969055,0.7093236449406624,0.8622377721012264,0.8253952527402484,0.8439663222879042,0.8302283604029151,0.7426174710979864,0.8783602474749239,0.8639643848918748,1.0,0.6596663693726577,0.8079068851266242,0.7554862751289924,0.7532096703639323,0.8286085288231219,0.6596663693726577
bed362c86fac838fd8bf82a8c5b32ec99787089f5938b4aede49f4ac78de3db1,0.7408442019143526,0.7496733241043205,0.6332798351367437,0.8284080367880564,0.7957425976190672,0.0,0.6655406078165282,0.8645056872821105,0.8645056872821105,0.8001979864598937,0.7439509020887878,0.5208204374327723,0.7211146326416341,0.6655406078165282,0.8645056872821105,0.7571619224199106,0.723321893935182,0.7607112865462416,0.8659263064307621,0.8645056872821105,0.6248696736204304,0.8015321989672678,0.7191602458164048,0.8645056872821105,0.6430497991788083,0.7439509020887878,0.7775095381908534,0.7760688362202103,0.74624835852037,0.7424162024748316,0.8645056872821105,0.7199608592737018,0.8350377265661616,0.8639307895026459,0.7359650925542743,0.7439509020887878,0.8769390688118969,0.7870223878224322,0.7321429102332825,0.0,0.7963731077220946,0.7037813314557815,0.8275412071413403,0.6751038603927522,0.6596663693726577,1.0,0.7621191996588657,0.7544331949130728,0.6947105678222226,0.6357369371691063,0.8645056872821105
c398da7e8857cfc50c0e845a335e3c60e8d2e20173cd231298fd749d9abe1031,0.8653291247360474,0.8815114810656942,0.8573740597626447,0.8487947932532447,0.8492659603252755,0.8371688130201492,0.855672212659727,0.7621191996588657,0.7621191996588657,0.8074744123054372,0.6596663693726577,0.8688278161732155,0.842951043307716,0.855672212659727,0.7621191996588657,0.8396251414938248,0.8549010754080035,0.7225076850765967,0.7476094833832183,0.7621191996588657,0.8420338186176438,0.7481880122634776,0.8968682067827501,0.7621191996588657,0.8516509288904951,0.6596663693726577,0.8654136920532761,0.7840996010879411,0.7392339099822564,0.8395817369591556,0.7621191996588657,0.8718967751489554,0.7177293315657011,0.8991524712670431,0.8466789643998273,0.6596663693726577,0.7221882536729322,0.8766051721053741,0.8205746047778347,0.8891536922189537,0.846936825509516,0.6742733261096109,0.8371688130201492,0.8396323253894217,0.8079068851266242,0.7621191996588657,1.0,0.6468039484703125,0.8204638016723141,0.8647761409046262,0.7621191996588657
d2f443a620bd37806892171e70163415239d1b8ee12da1852b5e8f45ad1161a3,0.7127578365543205,0.7502234116313367,0.7908810644470942,0.7407791468370822,0.6569270205431968,0.7629650437699352,0.6838193400456717,0.7544331949130728,0.7544331949130728,0.673129552802736,0.7633377374912302,0.7383168779044602,0.784848657005465,0.6838193400456717,0.7544331949130728,0.6838193400456717,0.7490401792846997,0.7585976358095211,0.7544331949130728,0.7544331949130728,0.7959556482697812,0.6879422116955863,0.7088335405220232,0.7544331949130728,0.7591237220965988,0.7633377374912302,0.7021273696733331,0.7314092712551385,0.7237295869511848,0.7025305594364555,0.7544331949130728,0.7990171644747506,0.7098898038516069,0.8380414685840196,0.7384063841394689,0.7633377374912302,0.7266257434329142,0.7614750101197428,0.6365906003991398,0.7359869133839305,0.7592466661374242,0.7875385828036975,0.7607215661494371,0.7333915399907649,0.7554862751289924,0.7544331949130728,0.6468039484703125,1.0,0.8065803061612546,0.7119433243083835,0.7544331949130728
dec2235523cb0cc68f2adcec1126bc1da706ad5e49385b2d2e54d15cde1bb3d1,0.9292188626435889,0.8376864843674329,0.8770942258275441,0.7659546392231017,0.879893545508743,0.741364227162103,0.7370721543411781,0.6947105678222226,0.6947105678222226,0.7845152963468247,0.7077104704952754,0.8756717185830855,0.9462541275353028,0.7370721543411781,0.6947105678222226,0.8710882059345553,0.8979074697026719,0.6862625373819458,0.6947105678222226,0.6947105678222226,0.8710882059345553,0.8277097543777658,0.7558118341197066,0.6947105678222226,0.8933321257276718,0.7077104704952754,0.7776184174443795,0.793358110440574,0.7922674161255212,0.817441333016923,0.6947105678222226,0.9343825198853822,0.773614781482781,0.8331300788402409,0.8229658211200231,0.7077104704952754,0.6390432486345154,0.8192678930316122,0.8316024423468483,0.860060302870844,0.7422982609492155,0.7182814244450823,0.741364227162103,0.8613223782485454,0.7532096703639323,0.6947105678222226,0.8204638016723141,0.8065803061612546,1.0,0.8803094012671726,0.6947105678222226
e85f8a02b27bee29d7ee58bee4f39484ab1727be7df9bb94e1a3b600b0fb6feb,0.9048087629428122,0.8252002486224925,0.8759871777208297,0.8726093107765415,0.7698406889470805,0.8021913192311534,0.7577971067479973,0.6357369371691063,0.6357369371691063,0.8496657363815149,0.6999426161494264,0.8613662762395796,0.9162663896427232,0.7577971067479973,0.6357369371691063,0.7914448068458777,0.9332771036855442,0.7157315528725514,0.6357369371691063,0.6357369371691063,0.8034043859843439,0.8553182638333032,0.7631145979218316,0.6357369371691063,0.8475894292603886,0.6999426161494264,0.559805261497634,0.8489002345320646,0.6711716418188703,0.8754270905481834,0.6357369371691063,0.9377811852002583,0.6390550343019092,0.8758397281193296,0.8488852543717851,0.6999426161494264,0.6580103029635551,0.6586712992859456,0.8521143896573482,0.7769176101775094,0.7980525510235479,0.8181663113513661,0.8021913192311534,0.6940021742075154,0.8286085288231219,0.6357369371691063,0.8647761409046262,0.7119433243083835,0.8803094012671726,1.0,0.6357369371691063
f8aa03b798251f79fce14c82e0f026c775d545b62d318f0d42f695ee079d849c,0.7408442019143526,0.7791580272652515,0.6332798351367437,0.8284080367880564,0.7957425976190672,0.6414448797999902,0.7397159050297841,0.8645056872821105,0.8645056872821105,0.8001979864598937,0.7439509020887878,0.5208204374327723,0.7211146326416341,0.7397159050297841,0.8645056872821105,0.7579660717721921,0.723321893935182,0.7607112865462416,0.8659263064307621,0.8645056872821105,0.6248696736204304,0.8015321989672678,0.7191602458164048,0.8645056872821105,0.7331017526134883,0.7439509020887878,0.7775095381908534,0.7760688362202103,0.74624835852037,0.7424162024748316,0.8645056872821105,0.7199608592737018,0.8350377265661616,0.8639307895026459,0.7537002649649578,0.7439509020887878,0.8769390688118969,0.7870223878224322,0.7321429102332825,0.8666770731676967,0.7963731077220946,0.7780068185527906,0.8275412071413403,0.7592648694426354,0.6596663693726577,0.8645056872821105,0.7621191996588657,0.7544331949130728,0.6947105678222226,0.6357369371691063,1.0
