,00812c29572306776424ca61a1f0fed18504e1776fa0d49b1f805c655daf871b,0300a6367a69ac95bd0dd2e8572a0aa44540898f9d12ba7bfbd25a0ed51cfe2c,03b9c7a3b73f15dfc2dcb0b74f3e971fdda7d1d1e2010c6d1861043f90a2fecd,05e06709523fd798da963c2c24254de0fcca6c57e1052996798ecc74ff43b41f,0951fde8a8ea9cd45d2be14d63e6e55c8e87af0da45cf3776b495871652aa862,0cf36731f5b8651d53fc651607c3fccac24b631c08dca4493d8e07d2fbff1db3,113af75f13547be184822f1268f984b79f35965a1b1f963d23b50a09741b0aec,180f82bbedb03dc29328e32e054069870a1e65078b78b2120a84c96aaed7d843,18faf22d7b96bfdb5fd806d4fe6fd9124b665b571d89cb53975bc3e23dd75ff1,198667b1eda010a431dfb051a101cc73ead1d45ba8d0f6641ec1c14bca4106f3,1b8081bae0e493d098b8756b1e7c4b19715a78946cf227f2c27f9311e6718420,1ce8a939b3e7d84c59c12dc9e1091532f4336dac533847b6533b01d9dcf494e9,1ef1ff8b1e81815d13bdd293554ddf8b3e57490dd3ef4add7c2837ddc67f9c24,23f8aa94ffb3c08a62735fe7fee5799880a8f322ce1d55ec49a13a3f85312db2,250423071b259cb45b6202d66e25d5e972bd2ab4e2b15f2033ac70fd9d650648,2579148e5f020145007ac0dc1be478190137d7915e6fbca2c787b55dbec1d370,26b2401211769d2fa1415228b4b1305eeeed249a996d149ad83b6fc9c4f703ce,2fc6d7df9252b1e2c4eb3ad7d0d29c188d87548127c44cebc40db9abe8e5aa35,3cd91569a21a59a71582397b762633808e0b413c78210ee48cefcffede66f356,4f4a33f70099855f5f503716515f388da3a5daa1e2fac59ec6c881e89ef7d072,5d4b4d5adb2cd3fefd95b15725a77c4bf48e14e89a23b94733a9ec7b86e09ea2,5d8a701110d58ab7c1aa8bae6bc9d5358b8cd508115891320e6af6c68f3bbd74,5d92914acdfb551c237866cc4cce6c80aeeeb695e52beecd2613694302c62271,5e2c9d80fa4528fe9777738a9cba9ede08cdae353fd4cb2d9caf0c9801fd5711,5fe77db174a5206b5387e2b86255bd008966b44632925351d9b3983438004eb1,61a07425ce30b287deca8e95bd2c03afef89acae17a6b041f418b91459ed53b5,61dd6a0b2870d62f56c7fe0039d42bf5351588f927267fe7b4ee0761872a3b20,633b9d373da7d2916f4d3b2902d4817c0f3ad5de5466ac85f34bdd37a8d3dd37,707b752f6bd89d4f97d08602d0546a56d27acfe00e6d5df2a2cb67c5e2eeee30,781bc4dcbd459893397a8b987bf697f5b95435dfaf7fe3f4d2224728e7a2202a,7f9d02ceaf4daa901fbb59648e599a381afd93bcba1b88fb6b345949b3479eb3,7faeb64c50cd15d036ca259a047d6c62ed491fff3729433fefba0b02c059d5ed,85e5aff9b169657ba912f4edc019e2d38dd3c3fb2be187309dd65d4ae8732529,8862b060db997bc9077e3bece06529c1c116af379985f6138a07ab5fde61b54c,88b1b4966650de59cef20c340b28739c52dc9ead91d9959a338a8e531ad38335,8b0a5fb13309623c3518473551cb1f55d38d8450129d4a3c16b476f7b2867d7d,917788f1d9fd2664f18414faec3244a17c7d7ec29296b14b22cf19be90c95df4,9826b386065f8312a7a7ef431c735a66e85a9c144692907f5909f81f837c65f4,9b86a50b36aea5cc4cb60573a3660cf799a9ec1f69a3d4572d3dc277361a0ad2,9eb7abf2228ad28d8b7f571e0495d4a35da40607f04355307077975e271553b8,a5751a46768149c5ddf318fd75afc66b3db28a5b76254ee0d6ae27b21712e266,a671d564c50b3056b915bdc6b063b781989b42e01a3743a1cb82849414fed0f8,ac9b07bd783e52e5997977617d41111849faafcbc3604f9aace2db106bf8b399,af1408a4d276842bea2ff1528fc1d2b93889a1fc4a91c6594fc27af325120da8,b46fbc45e8b533ae4d00ce973ffab18dc3744c8da76463ff0dd246d8a9a91342,b524ed1cc22253f09d56f54d8ded4566b63352ff739f58de961f8a5bebb0fad9,c12ea811bbe3c730529545f379aa852ed85c6ae5d45307dd45cc13ca0cd6ccd0,c14f8bc656284715516f26935afe487a1d584f56ffabbcb98f2974f6ca6cd3a4,c503289716c5b6c581a99953a90bcc2b93f14353658bd931aa83fd55d02624f1,c64269a64b64b20108df89c4f1a415936c9d9923f8761d0667aa8492aa057acb,c7e7deb369f1afc808131a369d19c1fc113becd47a44852247334af06af8c987,cfdc2cb47ef3d2396307c487fc3c9fe55b3802b2e570bee9aea4ab1e4ed2ec28,d083ecc1195602c45d9cb75a08c395ad7d2b0bf73d7e70e2fc76101c780dd38f,d0d7a8f588693b7cc967fb4069419125625eb7454ba553c0416f35fc95307cbe,d16645bce49ea342c4b4f5afa3f711bf0a3986a4a7354f96f24a21f161fff7cb,d21c71a090cd6759efc1f258b4d087e82c281ce65a9d76f20a24857901e694fc,d236d64b7bf9510ea1746d10a4c164a2ef2c724cc62b2bca91d72bdf24821e40,d5d744e0f7984ec01593da35f26bf24e95e4b1cc8bd1c0ff4f31de5dbf94e38f,d7333223dcc1002aae04e25e31d8c297efa791a2c1e609d67ac6d9af338efbe8,dbadeff4af3fa7785d54d177db9608f24d405971cf642ca0759a203d9e895930,dd4b13c694ca9d78d2a804149ac1919ee954564871e08c7f89c855d82c6c909a,de708f2807f96938e5eb0295d5ebfee870b34dd0cb70708607d4e1adf767ce7b,df3d947eb72a7b10f90222ae5a0aab0aade66f0bc1d3812c1b0366e6e8456591,e07316969b2d2941e9ec6a940d03d03bd36527dae825f30265fd5221a858fca4,e64e350861b86d4e05668bc25e6c952880f6b39ca921496ccce1487dbf6acab6,eb0106ddaa84ba85fdaba5df923df7ecdc612a90e1268e031923266fa17eef4c,ec3da4ac9ec917e66ab943ab149119807922f64f2e4960ebadc36fe7520b300f,ef2cd9ded5532af231e0990feaf2df8fd79dc63f7a677192e17b89ef4adb7dd2,f0278073fc7f61f547b0580522abc519630041e41782f86af1113ad0242f2da0,f092b985b75a702c784f0936ce892595b91d025b26f3387a712b76dcc3a4bc81,f40680deec287d14eba951ea7f381738f6b0150fe31190f477ec2179d5c9d8b0,f85d2de7e9af6d739fada0a7891df20f019f9a971e1b07024a62331173600f94,f894ffdc00c7b9278ce1773fb7f0c7c42048361ff0ae65df4341fbe6ecc63d9a,fa13f5a811e591c79f3207500604455879f34edf6ace61d5e34d54c3a5e8af64,fca0325ce51a7c278ffa1a016c1bd2032edb74c6c48b27be4c0cd5c359a82b10,fe909d18cf0fde089594689f9a69fbc6d57b69291a09f3b9df1e9b1fb724222b
00812c29572306776424ca61a1f0fed18504e1776fa0d49b1f805c655daf871b,1.0,0.0,0.0,0.0,0.0,0.0,0.713809142500805,0.0,0.7546452061101087,0.0,0.0,0.0,0.0,0.0,0.7377274948340538,0.0,0.0,0.0,0.0,0.0,0.0,0.0,0.0,0.0,0.0,0.7959259344762453,0.0,0.0,0.0,0.0,0.0,0.0,0.0,0.0,0.0,0.7202847086729889,0.0,0.0,0.713809142500805,0.0,0.0,0.8632264862386388,0.7546452061101087,0.0,0.0,0.0,0.7202847086729889,0.0,0.0,0.0,0.581015852656323,0.0,0.0,0.0,0.0,0.0,0.0,0.0,0.0,0.7546452061101087,0.7546452061101087,0.672650487349861,0.8190199832093367,0.0,0.0,0.7546452061101087,0.0,0.0,0.0,0.0,0.7546452061101087,0.7546452061101087,0.7546452061101087,0.0,0.7546452061101087,0.8736271541918771
0300a6367a69ac95bd0dd2e8572a0aa44540898f9d12ba7bfbd25a0ed51cfe2c,0.0,1.0,0.0,0.0,0.0,0.19604386715763225,0.0,0.0,0.0,0.0,0.0,0.0,0.0,0.0,0.0,0.0,0.0,0.0,0.0,0.0,0.0,0.0,0.32530173744664115,0.0,0.0,0.0,0.0,0.0,0.0,0.0,0.0,0.0,0.7150020904377173,0.0,0.0,0.0,0.0,0.0,0.0,0.0,0.0,0.0,0.0,0.0,0.32530173744664115,0.0,0.0,0.0,0.0,0.0,0.0,0.0,0.35835658411713706,0.0,0.0,0.0,0.0,0.0,0.0,0.0,0.0,0.0,0.0,0.0,0.0,0.0,0.0,0.0,0.0,0.0,0.0,0.0,0.0,0.0,0.0,0.0
03b9c7a3b73f15dfc2dcb0b74f3e971fdda7d1d1e2010c6d1861043f90a2fecd,0.0,0.0,1.0,0.0,0.0,0.0,0.0,0.0,0.0,0.0,0.0,0.0,0.0,0.0,0.0,0.0,0.0,0.0,0.0,0.0,0.0,0.0,0.0,0.0,0.0,0.0,0.0,0.0,0.0,0.0,0.0,0.0,0.0,0.0,0.0,0.0,0.0,0.9445974209926292,0.0,0.0,0.0,0.0,0.0,0.0,0.0,0.0,0.0,0.0,0.0,0.0,0.0,0.0,0.0,0.0,0.0,0.0,0.0,0.0,0.0,0.0,0.0,0.0,0.0,0.0,0.0,0.0,0.0,0.0,0.0,0.9445974209926292,0.0,0.0,0.0,0.0,0.0,0.0
05e06709523fd798da963c2c24254de0fcca6c57e1052996798ecc74ff43b41f,0.0,0.0,0.0,1.0,0.0,0.0,0.0,0.0,0.0,0.0,0.0,0.0,0.0,0.0,0.0,0.0,0.0,0.0,0.0,0.0,0.0,0.0,0.0,0.0,0.0,0.0,0.0,0.0,0.0,0.0,0.0,0.0,0.0,0.0,0.0,0.0,0.0,0.0,0.0,0.0,0.0,0.0,0.0,0.0,0.0,0.0,0.0,0.0,0.0,0.0,0.0,0.0,0.0,0.0,0.0,0.8601644657144956,0.0,0.0,0.0,0.0,0.0,0.0,0.0,0.0,0.0,0.0,0.0,0.0,0.0,0.0,0.0,0.0,0.0,0.0,0.0,0.0
0951fde8a8ea9cd45d2be14d63e6e55c8e87af0da45cf3776b495871652aa862,0.0,0.0,0.0,0.0,1.0,0.0,0.0,0.0,0.0,0.0,0.0,0.0,0.0,0.0,0.0,0.0,0.0,0.0,0.0,0.0,0.0,0.0,0.0,0.0,0.0,0.0,0.0,0.0,0.0,0.0,0.0,0.0,0.0,0.0,0.0,0.0,0.0,0.0,0.0,0.0,0.0,0.0,0.0,0.0,0.0,0.0,0.0,0.0,0.0,0.0,0.0,0.0,0.0,0.0,0.0,0.0,0.6504944897959719,0.0,0.0,0.0,0.0,0.0,0.0,0.0,0.0,0.0,0.0,0.0,0.0,0.0,0.0,0.0,0.0,0.0,0.0,0.0
0cf36731f5b8651d53fc651607c3fccac24b631c08dca4493d8e07d2fbff1db3,0.0,0.19604386715763225,0.0,0.0,0.0,1.0,0.0,0.0,0.0,0.0,0.0,0.0,0.0,0.32657147502875034,0.0,0.0,0.0,0.0,0.0,0.0,0.0,0.0,0.6439568543909271,0.0,0.0,0.0,0.0,0.0,0.0,0.0,0.0,0.0,0.21489435653842406,0.0,0.4222390661573189,0.0,0.0,0.0,0.0,0.0,0.0,0.0,0.0,0.0,0.6439568543909271,0.0,0.0,0.0,0.0,0.5438981862331985,0.0,0.0,0.6479924969848665,0.0,0.0,0.0,0.0,0.0,0.5738991246280177,0.0,0.0,0.0,0.0,0.0,0.0,0.0,0.0,0.0,0.0,0.0,0.0,0.0,0.0,0.0,0.0,0.0
113af75f13547be184822f1268f984b79f35965a1b1f963d23b50a09741b0aec,0.713809142500805,0.0,0.0,0.0,0.0,0.0,1.0,0.0,0.7769402495669213,0.0,0.0,0.0,0.0,0.0,0.864480245209684,0.0,0.0,0.0,0.0,0.0,0.0,0.0,0.0,0.0,0.0,0.8281381653002349,0.0,0.0,0.0,0.0,0.0,0.0,0.0,0.0,0.0,0.8501598765510983,0.0,0.0,0.8214747682389849,0.0,0.0,0.6838953318995953,0.7883123098222322,0.0,0.0,0.0,0.8501598765510983,0.0,0.0,0.0,0.7295242960124705,0.0,0.0,0.0,0.0,0.0,0.0,0.0,0.0,0.7883123098222322,0.7769402495669213,0.8238125087018762,0.6708489698133306,0.0,0.0,0.7769402495669213,0.0,0.0,0.0,0.0,0.7883123098222322,0.7769402495669213,0.7769402495669213,0.0,0.7883123098222322,0.7127754302598853
180f82bbedb03dc29328e32e054069870a1e65078b78b2120a84c96aaed7d843,0.0,0.0,0.0,0.0,0.0,0.0,0.0,1.0,0.0,0.0,0.0,0.0,0.0,0.0,0.0,0.0,0.0,0.0,0.0,0.0,0.0,0.0,0.0,0.0,0.0,0.0,0.0,0.0,0.0,0.0,0.0,0.0,0.0,0.0,0.0,0.0,0.0,0.0,0.0,0.0,0.0,0.0,0.0,0.0,0.0,0.0,0.0,0.0,0.0,0.0,0.0,0.0,0.0,0.0,0.0,0.0,0.47001448949483254,0.0,0.0,0.0,0.0,0.0,0.0,0.0,0.0,0.0,0.0,0.0,0.0,0.0,0.0,0.0,0.0,0.0,0.0,0.0
18faf22d7b96bfdb5fd806d4fe6fd9124b665b571d89cb53975bc3e23dd75ff1,0.7546452061101087,0.0,0.0,0.0,0.0,0.0,0.7769402495669213,0.0,1.0,0.0,0.0,0.0,0.0,0.0,0.7769402495669213,0.0,0.0,0.0,0.0,0.0,0.0,0.0,0.0,0.0,0.0,0.7166592359482098,0.0,0.0,0.0,0.0,0.0,0.0,0.0,0.0,0.0,0.7769402495669213,0.0,0.0,0.7769402495669213,0.0,0.0,0.6876302310806517,0.9554111429750463,0.1549250061972062,0.0,0.0,0.7769402495669213,0.0,0.0,0.0,0.7378479501020887,0.0,0.0,0.0,0.0,0.0,0.0,0.0,0.0,0.9554111429750463,0.9554111429750463,0.7794822229264485,0.6615741030303578,0.0,0.0,0.9554111429750463,0.0,0.0,0.0,0.0,0.9554111429750463,0.9554111429750463,0.9554111429750463,0.0,0.9554111429750463,0.75529747591617
198667b1eda010a431dfb051a101cc73ead1d45ba8d0f6641ec1c14bca4106f3,0.0,0.0,0.0,0.0,0.0,0.0,0.0,0.0,0.0,1.0,0.0,0.8901979195802697,0.3306800039381838,0.0,0.0,0.0,0.0,0.9249293607910289,0.0,0.0,0.0,0.0,0.0,0.0,0.8898889293982186,0.0,0.3958002737351478,0.5019989427331019,0.0,0.0,0.8533520372494531,0.0,0.0,0.0,0.0,0.0,0.0,0.0,0.0,0.0,0.8150944910422174,0.0,0.0,0.43115025282965774,0.0,0.0,0.0,0.3306800039381838,0.0,0.0,0.0,0.0,0.0,0.0,0.8461760544886257,0.0,0.0,0.0,0.0,0.0,0.0,0.0,0.0,0.0,0.5019989427331019,0.0,0.0,0.9010967463798956,0.0,0.0,0.0,0.0,0.0,0.0,0.0,0.0
1b8081bae0e493d098b8756b1e7c4b19715a78946cf227f2c27f9311e6718420,0.0,0.0,0.0,0.0,0.0,0.0,0.0,0.0,0.0,0.0,1.0,0.0,0.0,0.0,0.0,0.0,0.0,0.0,0.0,0.0,0.0,0.0,0.0,0.0,0.0,0.0,0.0,0.0,0.0,0.0,0.0,0.0,0.0,0.0,0.0,0.0,0.0,0.0,0.0,0.0,0.0,0.0,0.0,0.0,0.0,0.0,0.0,0.0,0.0,0.0,0.0,0.0,0.0,0.0,0.0,0.0,0.0,0.0,0.0,0.0,0.0,0.0,0.0,0.0,0.0,0.0,0.0,0.0,0.0,0.0,0.0,0.0,0.0,0.0,0.0,0.0
1ce8a939b3e7d84c59c12dc9e1091532f4336dac533847b6533b01d9dcf494e9,0.0,0.0,0.0,0.0,0.0,0.0,0.0,0.0,0.0,0.8901979195802697,0.0,1.0,0.31533410478415963,0.0,0.0,0.0,0.0,0.8531760936995129,0.0,0.0,0.0,0.0,0.0,0.0,0.7696604075605964,0.0,0.0,0.4522193484289351,0.0,0.0,0.0,0.0,0.0,0.0,0.0,0.0,0.0,0.0,0.0,0.0,0.7577722137769491,0.0,0.0,0.4673084890449429,0.0,0.0,0.0,0.31533410478415963,0.0,0.0,0.0,0.0,0.0,0.0,0.8874470433783551,0.0,0.0,0.0,0.0,0.0,0.0,0.0,0.0,0.0,0.4522193484289351,0.0,0.0,0.8983824175556497,0.0,0.0,0.0,0.0,0.0,0.0,0.0,0.0
1ef1ff8b1e81815d13bdd293554ddf8b3e57490dd3ef4add7c2837ddc67f9c24,0.0,0.0,0.0,0.0,0.0,0.0,0.0,0.0,0.0,0.3306800039381838,0.0,0.31533410478415963,1.0,0.0,0.0,0.0,0.0,0.41903482632585054,0.0,0.0,0.0,0.0,0.0,0.0,0.32636303786593857,0.0,0.8944579329734134,0.902223303482054,0.0,0.0,0.8419623499790435,0.0,0.0,0.0,0.0,0.0,0.0,0.0,0.0,0.0,0.20052238381165666,0.0,0.0,0.0,0.0,0.0,0.0,0.9533470396509797,0.0,0.0,0.0,0.0,0.0,0.0,0.0,0.0,0.0,0.0,0.0,0.0,0.0,0.0,0.0,0.0,0.902223303482054,0.0,0.0,0.20052238381165666,0.0,0.0,0.0,0.0,0.0,0.0,0.0,0.0
23f8aa94ffb3c08a62735fe7fee5799880a8f322ce1d55ec49a13a3f85312db2,0.0,0.0,0.0,0.0,0.0,0.32657147502875034,0.0,0.0,0.0,0.0,0.0,0.0,0.0,1.0,0.0,0.0,0.0,0.0,0.0,0.0,0.0,0.0,0.38738830106617056,0.41475384406342625,0.29313995615928284,0.0,0.2856008083923795,0.2872102443615424,0.0,0.49479861617300375,0.0,0.0,0.0,0.41475384406342625,0.5125906364229824,0.0,0.0,0.0,0.0,0.519344912857973,0.0,0.0,0.0,0.0,0.38738830106617056,0.0,0.0,0.0,0.0,0.6431296368643094,0.0,0.41475384406342625,0.46423560548236464,0.41475384406342625,0.0,0.0,0.0,0.41475384406342625,0.46775404164843876,0.0,0.0,0.0,0.0,0.0,0.2872102443615424,0.0,0.41475384406342625,0.34673482591240096,0.0,0.0,0.0,0.0,0.0,0.0,0.0,0.0
250423071b259cb45b6202d66e25d5e972bd2ab4e2b15f2033ac70fd9d650648,0.7377274948340538,0.0,0.0,0.0,0.0,0.0,0.864480245209684,0.0,0.7769402495669213,0.0,0.0,0.0,0.0,0.0,1.0,0.0,0.0,0.0,0.0,0.0,0.0,0.0,0.0,0.0,0.0,0.847560374981329,0.0,0.0,0.0,0.0,0.0,0.0,0.0,0.0,0.0,0.8159087791813078,0.0,0.0,0.864480245209684,0.0,0.0,0.6508862021371611,0.7769402495669213,0.0,0.0,0.0,0.8159087791813078,0.0,0.0,0.0,0.6660242323479759,0.0,0.0,0.0,0.0,0.0,0.0,0.0,0.0,0.7769402495669213,0.7769402495669213,0.72630692458081,0.554577843998617,0.0,0.0,0.7769402495669213,0.0,0.0,0.0,0.0,0.7769402495669213,0.7769402495669213,0.7769402495669213,0.0,0.7769402495669213,0.6394748243125296
2579148e5f020145007ac0dc1be478190137d7915e6fbca2c787b55dbec1d370,0.0,0.0,0.0,0.0,0.0,0.0,0.0,0.0,0.0,0.0,0.0,0.0,0.0,0.0,0.0,1.0,0.0,0.0,0.0,0.0,0.0,0.0,0.0,0.0,0.0,0.0,0.0,0.0,0.0,0.0,0.0,0.0,0.0,0.0,0.0,0.0,0.0,0.0,0.0,0.0,0.0,0.0,0.0,0.0,0.0,0.0,0.0,0.0,0.0,0.0,0.0,0.0,0.0,0.0,0.0,0.0,0.0,0.0,0.0,0.0,0.0,0.0,0.0,0.0,0.0,0.0,0.0,0.0,0.0,0.0,0.0,0.0,0.0,0.0,0.0,0.0
26b2401211769d2fa1415228b4b1305eeeed249a996d149ad83b6fc9c4f703ce,0.0,0.0,0.0,0.0,0.0,0.0,0.0,0.0,0.0,0.0,0.0,0.0,0.0,0.0,0.0,0.0,1.0,0.0,0.0,0.0,0.0,0.0,0.0,0.0,0.0,0.0,0.0,0.0,0.9715221077267253,0.0,0.0,0.0,0.0,0.0,0.0,0.0,0.0,0.0,0.0,0.0,0.0,0.0,0.0,0.0,0.0,0.0,0.0,0.0,0.0,0.0,0.0,0.0,0.0,0.0,0.0,0.0,0.0,0.0,0.0,0.0,0.0,0.0,0.0,0.0,0.0,0.0,0.0,0.0,0.0,0.0,0.0,0.0,0.0,0.0,0.0,0.0
2fc6d7df9252b1e2c4eb3ad7d0d29c188d87548127c44cebc40db9abe8e5aa35,0.0,0.0,0.0,0.0,0.0,0.0,0.0,0.0,0.0,0.9249293607910289,0.0,0.8531760936995129,0.41903482632585054,0.0,0.0,0.0,0.0,1.0,0.0,0.0,0.0,0.0,0.0,0.0,0.7487379493241824,0.0,0.4020913514553096,0.49328042931696714,0.0,0.0,0.2655540224893531,0.0,0.0,0.0,0.0,0.0,0.0,0.0,0.0,0.0,0.8391086270775229,0.0,0.0,0.459942356555582,0.0,0.0,0.0,0.41903482632585054,0.0,0.0,0.0,0.0,0.0,0.0,0.8181777996669216,0.0,0.0,0.0,0.0,0.0,0.0,0.0,0.0,0.0,0.49328042931696714,0.0,0.0,0.8595863724447772,0.0,0.0,0.0,0.0,0.0,0.0,0.0,0.0
3cd91569a21a59a71582397b762633808e0b413c78210ee48cefcffede66f356,0.0,0.0,0.0,0.0,0.0,0.0,0.0,0.0,0.0,0.0,0.0,0.0,0.0,0.0,0.0,0.0,0.0,0.0,1.0,0.0,0.0,0.0,0.0,0.0,0.0,0.0,0.0,0.0,0.0,0.0,0.0,0.0,0.0,0.0,0.0,0.0,0.7450188440972297,0.0,0.0,0.0,0.0,0.0,0.0,0.0,0.0,0.0,0.0,0.0,0.9434512775185826,0.0,0.0,0.0,0.0,0.0,0.0,0.0,0.0,0.0,0.0,0.0,0.0,0.0,0.0,0.0,0.0,0.0,0.0,0.0,0.9434512775185826,0.0,0.0,0.0,0.0,0.9434512775185826,0.0,0.0
4f4a33f70099855f5f503716515f388da3a5daa1e2fac59ec6c881e89ef7d072,0.0,0.0,0.0,0.0,0.0,0.0,0.0,0.0,0.0,0.0,0.0,0.0,0.0,0.0,0.0,0.0,0.0,0.0,0.0,1.0,0.0,0.0,0.0,0.0,0.0,0.0,0.0,0.0,0.0,0.0,0.0,0.0,0.0,0.0,0.0,0.0,0.0,0.0,0.0,0.0,0.0,0.0,0.0,0.0,0.0,0.0,0.0,0.0,0.0,0.0,0.0,0.0,0.0,0.0,0.0,0.0,0.0,0.0,0.0,0.0,0.0,0.0,0.0,0.0,0.0,0.0,0.0,0.0,0.0,0.0,0.0,0.0,0.0,0.0,0.0,0.0
5d4b4d5adb2cd3fefd95b15725a77c4bf48e14e89a23b94733a9ec7b86e09ea2,0.0,0.0,0.0,0.0,0.0,0.0,0.0,0.0,0.0,0.0,0.0,0.0,0.0,0.0,0.0,0.0,0.0,0.0,0.0,0.0,1.0,0.46274646452327495,0.0,0.0,0.0,0.0,0.0,0.0,0.0,0.0,0.0,0.0,0.0,0.0,0.0,0.0,0.0,0.0,0.0,0.0,0.0,0.0,0.0,0.0,0.0,0.0,0.0,0.0,0.0,0.0,0.0,0.0,0.0,0.0,0.0,0.0,0.0,0.0,0.0,0.0,0.0,0.0,0.0,0.0,0.0,0.0,0.0,0.0,0.0,0.0,0.0,0.0,0.0,0.0,0.0,0.0
5d8a701110d58ab7c1aa8bae6bc9d5358b8cd508115891320e6af6c68f3bbd74,0.0,0.0,0.0,0.0,0.0,0.0,0.0,0.0,0.0,0.0,0.0,0.0,0.0,0.0,0.0,0.0,0.0,0.0,0.0,0.0,0.46274646452327495,1.0,0.0,0.0,0.0,0.0,0.0,0.0,0.0,0.0,0.0,0.0,0.0,0.0,0.0,0.0,0.0,0.0,0.0,0.0,0.0,0.0,0.0,0.0,0.0,0.0,0.0,0.0,0.0,0.0,0.0,0.0,0.0,0.0,0.0,0.0,0.0,0.0,0.0,0.0,0.0,0.0,0.0,0.0,0.0,0.0,0.0,0.0,0.0,0.0,0.0,0.0,0.0,0.0,0.0,0.0
5d92914acdfb551c237866cc4cce6c80aeeeb695e52beecd2613694302c62271,0.0,0.32530173744664115,0.0,0.0,0.0,0.6439568543909271,0.0,0.0,0.0,0.0,0.0,0.0,0.0,0.38738830106617056,0.0,0.0,0.0,0.0,0.0,0.0,0.0,0.0,1.0,0.32113253939755765,0.0,0.0,0.0,0.3013424452848735,0.0,0.3231617304044459,0.0,0.0,0.32530173744664115,0.32113253939755765,0.0,0.0,0.0,0.0,0.0,0.0,0.0,0.0,0.0,0.0,0.9589749578647032,0.0,0.0,0.0,0.0,0.0,0.0,0.32113253939755765,0.7142898653319267,0.32113253939755765,0.0,0.0,0.0,0.32113253939755765,0.0,0.0,0.0,0.0,0.0,0.0,0.3013424452848735,0.0,0.32113253939755765,0.0,0.0,0.0,0.0,0.0,0.0,0.0,0.0,0.0
5e2c9d80fa4528fe9777738a9cba9ede08cdae353fd4cb2d9caf0c9801fd5711,0.0,0.0,0.0,0.0,0.0,0.0,0.0,0.0,0.0,0.0,0.0,0.0,0.0,0.41475384406342625,0.0,0.0,0.0,0.0,0.0,0.0,0.0,0.0,0.32113253939755765,1.0,0.18786323804225605,0.0,0.32895497424376197,0.36977211936603394,0.0,0.9675298193390403,0.0,0.0,0.0,0.9490939094379226,0.7813585141250142,0.0,0.0,0.0,0.0,0.8040438994823719,0.0,0.0,0.0,0.0,0.32113253939755765,0.0,0.0,0.0,0.0,0.5865319420303431,0.0,0.9490939094379226,0.22835856847977107,0.9490939094379226,0.0,0.0,0.0,0.9490939094379226,0.9205521008592281,0.0,0.0,0.0,0.0,0.0,0.36977211936603394,0.0,0.9490939094379226,0.19733655661312086,0.0,0.0,0.0,0.0,0.0,0.0,0.0,0.0
5fe77db174a5206b5387e2b86255bd008966b44632925351d9b3983438004eb1,0.0,0.0,0.0,0.0,0.0,0.0,0.0,0.0,0.0,0.8898889293982186,0.0,0.7696604075605964,0.32636303786593857,0.29313995615928284,0.0,0.0,0.0,0.7487379493241824,0.0,0.0,0.0,0.0,0.0,0.18786323804225605,1.0,0.0,0.47478851488635343,0.4476428648815182,0.0,0.2183813593347352,0.6416463091441079,0.0,0.0,0.18786323804225605,0.2345846350504761,0.0,0.0,0.0,0.0,0.18508932004944648,0.9032310066384674,0.0,0.0,0.5098676179937665,0.0,0.0,0.0,0.32636303786593857,0.0,0.0,0.0,0.18786323804225605,0.0,0.18786323804225605,0.6522878085649968,0.0,0.0,0.18786323804225605,0.2018278345224133,0.0,0.0,0.0,0.0,0.0,0.4476428648815182,0.0,0.18786323804225605,0.7426910140938161,0.0,0.0,0.0,0.0,0.0,0.0,0.0,0.0
61a07425ce30b287deca8e95bd2c03afef89acae17a6b041f418b91459ed53b5,0.7959259344762453,0.0,0.0,0.0,0.0,0.0,0.8281381653002349,0.0,0.7166592359482098,0.0,0.0,0.0,0.0,0.0,0.847560374981329,0.0,0.0,0.0,0.0,0.0,0.0,0.0,0.0,0.0,0.0,1.0,0.0,0.0,0.0,0.0,0.0,0.0,0.0,0.0,0.0,0.847560374981329,0.0,0.0,0.8281381653002349,0.0,0.0,0.6173695252391608,0.7166592359482098,0.0,0.0,0.0,0.847560374981329,0.0,0.0,0.0,0.7455237862704087,0.0,0.0,0.0,0.0,0.0,0.0,0.0,0.0,0.7166592359482098,0.7166592359482098,0.8720523950008245,0.688897655681845,0.0,0.0,0.7166592359482098,0.0,0.0,0.0,0.0,0.7166592359482098,0.7166592359482098,0.7166592359482098,0.0,0.7166592359482098,0.8657495067630945
61dd6a0b2870d62f56c7fe0039d42bf5351588f927267fe7b4ee0761872a3b20,0.0,0.0,0.0,0.0,0.0,0.0,0.0,0.0,0.0,0.3958002737351478,0.0,0.0,0.8944579329734134,0.2856008083923795,0.0,0.0,0.0,0.4020913514553096,0.0,0.0,0.0,0.0,0.0,0.32895497424376197,0.47478851488635343,0.0,1.0,0.9325733345433533,0.0,0.4252126837173889,0.7356407941147208,0.0,0.0,0.32895497424376197,0.5201419137723716,0.0,0.0,0.0,0.0,0.5255289533326765,0.2289413012869937,0.0,0.0,0.0,0.0,0.0,0.0,0.8944579329734134,0.0,0.0,0.0,0.32895497424376197,0.08608721324062371,0.32895497424376197,0.21626437192982118,0.0,0.0,0.32895497424376197,0.4475459692069487,0.0,0.0,0.0,0.0,0.0,0.9325733345433533,0.0,0.32895497424376197,0.38657861921921305,0.0,0.0,0.0,0.0,0.0,0.0,0.0,0.0
633b9d373da7d2916f4d3b2902d4817c0f3ad5de5466ac85f34bdd37a8d3dd37,0.0,0.0,0.0,0.0,0.0,0.0,0.0,0.0,0.0,0.5019989427331019,0.0,0.4522193484289351,0.902223303482054,0.2872102443615424,0.0,0.0,0.0,0.49328042931696714,0.0,0.0,0.0,0.0,0.3013424452848735,0.36977211936603394,0.4476428648815182,0.0,0.9325733345433533,1.0,0.0,0.46229658394676354,0.7092889183676337,0.0,0.0,0.36977211936603394,0.5299214726289371,0.0,0.0,0.0,0.0,0.592318262247462,0.19809343449118846,0.0,0.0,0.0,0.3013424452848735,0.0,0.0,0.902223303482054,0.0,0.0,0.0,0.36977211936603394,0.11542868113997579,0.36977211936603394,0.43292902978714665,0.0,0.0,0.36977211936603394,0.45504402603444527,0.0,0.0,0.0,0.0,0.0,0.938438273413395,0.0,0.36977211936603394,0.48553129295502795,0.0,0.0,0.0,0.0,0.0,0.0,0.0,0.0
707b752f6bd89d4f97d08602d0546a56d27acfe00e6d5df2a2cb67c5e2eeee30,0.0,0.0,0.0,0.0,0.0,0.0,0.0,0.0,0.0,0.0,0.0,0.0,0.0,0.0,0.0,0.0,0.9715221077267253,0.0,0.0,0.0,0.0,0.0,0.0,0.0,0.0,0.0,0.0,0.0,1.0,0.0,0.0,0.0,0.0,0.0,0.0,0.0,0.0,0.0,0.0,0.0,0.0,0.0,0.0,0.0,0.0,0.0,0.0,0.0,0.0,0.0,0.0,0.0,0.0,0.0,0.0,0.0,0.0,0.0,0.0,0.0,0.0,0.0,0.0,0.0,0.0,0.0,0.0,0.0,0.0,0.0,0.0,0.0,0.0,0.0,0.0,0.0
781bc4dcbd459893397a8b987bf697f5b95435dfaf7fe3f4d2224728e7a2202a,0.0,0.0,0.0,0.0,0.0,0.0,0.0,0.0,0.0,0.0,0.0,0.0,0.0,0.49479861617300375,0.0,0.0,0.0,0.0,0.0,0.0,0.0,0.0,0.3231617304044459,0.9675298193390403,0.2183813593347352,0.0,0.4252126837173889,0.46229658394676354,0.0,1.0,0.0,0.0,0.0,0.9675298193390403,0.6081790820026599,0.0,0.0,0.0,0.0,0.6790092333676657,0.0,0.0,0.0,0.0,0.3231617304044459,0.0,0.0,0.0,0.0,0.0,0.0,0.9675298193390403,0.2849497527345596,0.9675298193390403,0.0,0.0,0.0,0.9675298193390403,0.9576372059617544,0.0,0.0,0.0,0.0,0.0,0.46229658394676354,0.0,0.9675298193390403,0.23482148361267005,0.0,0.0,0.0,0.0,0.0,0.0,0.0,0.0
7f9d02ceaf4daa901fbb59648e599a381afd93bcba1b88fb6b345949b3479eb3,0.0,0.0,0.0,0.0,0.0,0.0,0.0,0.0,0.0,0.8533520372494531,0.0,0.0,0.8419623499790435,0.0,0.0,0.0,0.0,0.2655540224893531,0.0,0.0,0.0,0.0,0.0,0.0,0.6416463091441079,0.0,0.7356407941147208,0.7092889183676337,0.0,0.0,1.0,0.0,0.0,0.0,0.0,0.0,0.0,0.0,0.0,0.0,0.6372858270523389,0.0,0.0,0.0,0.0,0.0,0.0,0.8419623499790435,0.0,0.0,0.0,0.0,0.0,0.0,0.6375234210869323,0.0,0.0,0.0,0.0,0.0,0.0,0.0,0.0,0.0,0.7092889183676337,0.0,0.0,0.5412650885028502,0.0,0.0,0.0,0.0,0.0,0.0,0.0,0.0
7faeb64c50cd15d036ca259a047d6c62ed491fff3729433fefba0b02c059d5ed,0.0,0.0,0.0,0.0,0.0,0.0,0.0,0.0,0.0,0.0,0.0,0.0,0.0,0.0,0.0,0.0,0.0,0.0,0.0,0.0,0.0,0.0,0.0,0.0,0.0,0.0,0.0,0.0,0.0,0.0,0.0,1.0,0.0,0.0,0.0,0.0,0.0,0.0,0.0,0.0,0.0,0.0,0.0,0.0,0.0,0.0,0.0,0.0,0.0,0.0,0.0,0.0,0.0,0.0,0.0,0.0,0.0,0.0,0.0,0.0,0.0,0.0,0.0,0.0,0.0,0.0,0.0,0.0,0.0,0.0,0.0,0.0,0.0,0.0,0.0,0.0
85e5aff9b169657ba912f4edc019e2d38dd3c3fb2be187309dd65d4ae8732529,0.0,0.7150020904377173,0.0,0.0,0.0,0.21489435653842406,0.0,0.0,0.0,0.0,0.0,0.0,0.0,0.0,0.0,0.0,0.0,0.0,0.0,0.0,0.0,0.0,0.32530173744664115,0.0,0.0,0.0,0.0,0.0,0.0,0.0,0.0,0.0,1.0,0.0,0.0,0.0,0.0,0.0,0.0,0.0,0.0,0.0,0.0,0.0,0.32530173744664115,0.0,0.0,0.0,0.0,0.0,0.0,0.0,0.35835658411713706,0.0,0.0,0.0,0.0,0.0,0.0,0.0,0.0,0.0,0.0,0.0,0.0,0.0,0.0,0.0,0.0,0.0,0.0,0.0,0.0,0.0,0.0,0.0
8862b060db997bc9077e3bece06529c1c116af379985f6138a07ab5fde61b54c,0.0,0.0,0.0,0.0,0.0,0.0,0.0,0.0,0.0,0.0,0.0,0.0,0.0,0.41475384406342625,0.0,0.0,0.0,0.0,0.0,0.0,0.0,0.0,0.32113253939755765,0.9490939094379226,0.18786323804225605,0.0,0.32895497424376197,0.36977211936603394,0.0,0.9675298193390403,0.0,0.0,0.0,1.0,0.7813585141250142,0.0,0.0,0.0,0.0,0.8040438994823719,0.0,0.0,0.0,0.0,0.32113253939755765,0.0,0.0,0.0,0.0,0.5865319420303431,0.0,0.9490939094379226,0.22835856847977107,0.9490939094379226,0.0,0.0,0.0,0.9490939094379226,0.9205521008592281,0.0,0.0,0.0,0.0,0.0,0.36977211936603394,0.0,0.9490939094379226,0.19733655661312086,0.0,0.0,0.0,0.0,0.0,0.0,0.0,0.0
88b1b4966650de59cef20c340b28739c52dc9ead91d9959a338a8e531ad38335,0.0,0.0,0.0,0.0,0.0,0.4222390661573189,0.0,0.0,0.0,0.0,0.0,0.0,0.0,0.5125906364229824,0.0,0.0,0.0,0.0,0.0,0.0,0.0,0.0,0.0,0.7813585141250142,0.2345846350504761,0.0,0.5201419137723716,0.5299214726289371,0.0,0.6081790820026599,0.0,0.0,0.0,0.7813585141250142,1.0,0.0,0.0,0.0,0.0,0.6329784954506806,0.0,0.0,0.0,0.0,0.0,0.0,0.0,0.0,0.0,0.0,0.0,0.7813585141250142,0.3207669521993693,0.7813585141250142,0.0,0.0,0.0,0.7813585141250142,0.7700139465245192,0.0,0.0,0.0,0.0,0.0,0.5299214726289371,0.0,0.7813585141250142,0.24261211025833573,0.0,0.0,0.0,0.0,0.0,0.0,0.0,0.0
8b0a5fb13309623c3518473551cb1f55d38d8450129d4a3c16b476f7b2867d7d,0.7202847086729889,0.0,0.0,0.0,0.0,0.0,0.8501598765510983,0.0,0.7769402495669213,0.0,0.0,0.0,0.0,0.0,0.8159087791813078,0.0,0.0,0.0,0.0,0.0,0.0,0.0,0.0,0.0,0.0,0.847560374981329,0.0,0.0,0.0,0.0,0.0,0.0,0.0,0.0,0.0,1.0,0.0,0.0,0.8501598765510983,0.0,0.0,0.6518556628493996,0.7769402495669213,0.0,0.0,0.0,0.7985569908460399,0.0,0.0,0.0,0.6739625956158114,0.0,0.0,0.0,0.0,0.0,0.0,0.0,0.0,0.7769402495669213,0.7769402495669213,0.7024865293544111,0.6100219470832245,0.0,0.0,0.7769402495669213,0.0,0.0,0.0,0.0,0.7769402495669213,0.7769402495669213,0.7769402495669213,0.0,0.7769402495669213,0.632912415595636
917788f1d9fd2664f18414faec3244a17c7d7ec29296b14b22cf19be90c95df4,0.0,0.0,0.0,0.0,0.0,0.0,0.0,0.0,0.0,0.0,0.0,0.0,0.0,0.0,0.0,0.0,0.0,0.0,0.7450188440972297,0.0,0.0,0.0,0.0,0.0,0.0,0.0,0.0,0.0,0.0,0.0,0.0,0.0,0.0,0.0,0.0,0.0,1.0,0.0,0.0,0.0,0.0,0.0,0.0,0.0,0.0,0.0,0.0,0.0,0.7450188440972297,0.0,0.0,0.0,0.0,0.0,0.0,0.0,0.0,0.0,0.0,0.0,0.0,0.0,0.0,0.0,0.0,0.0,0.0,0.0,0.7450188440972297,0.0,0.0,0.0,0.0,0.7450188440972297,0.0,0.0
9826b386065f8312a7a7ef431c735a66e85a9c144692907f5909f81f837c65f4,0.0,0.0,0.9445974209926292,0.0,0.0,0.0,0.0,0.0,0.0,0.0,0.0,0.0,0.0,0.0,0.0,0.0,0.0,0.0,0.0,0.0,0.0,0.0,0.0,0.0,0.0,0.0,0.0,0.0,0.0,0.0,0.0,0.0,0.0,0.0,0.0,0.0,0.0,1.0,0.0,0.0,0.0,0.0,0.0,0.0,0.0,0.0,0.0,0.0,0.0,0.0,0.0,0.0,0.0,0.0,0.0,0.0,0.0,0.0,0.0,0.0,0.0,0.0,0.0,0.0,0.0,0.0,0.0,0.0,0.0,0.9445974209926292,0.0,0.0,0.0,0.0,0.0,0.0
9b86a50b36aea5cc4cb60573a3660cf799a9ec1f69a3d4572d3dc277361a0ad2,0.713809142500805,0.0,0.0,0.0,0.0,0.0,0.8214747682389849,0.0,0.7769402495669213,0.0,0.0,0.0,0.0,0.0,0.864480245209684,0.0,0.0,0.0,0.0,0.0,0.0,0.0,0.0,0.0,0.0,0.8281381653002349,0.0,0.0,0.0,0.0,0.0,0.0,0.0,0.0,0.0,0.8501598765510983,0.0,0.0,1.0,0.0,0.0,0.6838953318995953,0.7883123098222322,0.0,0.0,0.0,0.8501598765510983,0.0,0.0,0.0,0.7295242960124705,0.0,0.0,0.0,0.0,0.0,0.0,0.0,0.0,0.7883123098222322,0.7769402495669213,0.8238125087018762,0.6708489698133306,0.0,0.0,0.7769402495669213,0.0,0.0,0.0,0.0,0.7883123098222322,0.7769402495669213,0.7769402495669213,0.0,0.7883123098222322,0.7127754302598853
9eb7abf2228ad28d8b7f571e0495d4a35da40607f04355307077975e271553b8,0.0,0.0,0.0,0.0,0.0,0.0,0.0,0.0,0.0,0.0,0.0,0.0,0.0,0.519344912857973,0.0,0.0,0.0,0.0,0.0,0.0,0.0,0.0,0.0,0.8040438994823719,0.18508932004944648,0.0,0.5255289533326765,0.592318262247462,0.0,0.6790092333676657,0.0,0.0,0.0,0.8040438994823719,0.6329784954506806,0.0,0.0,0.0,0.0,1.0,0.0,0.0,0.0,0.0,0.0,0.0,0.0,0.0,0.0,0.5580814433717274,0.0,0.8040438994823719,0.2927482642828648,0.8040438994823719,0.0,0.0,0.0,0.8040438994823719,0.7670097920931598,0.0,0.0,0.0,0.0,0.0,0.592318262247462,0.0,0.8040438994823719,0.21452525502406275,0.0,0.0,0.0,0.0,0.0,0.0,0.0,0.0
a5751a46768149c5ddf318fd75afc66b3db28a5b76254ee0d6ae27b21712e266,0.0,0.0,0.0,0.0,0.0,0.0,0.0,0.0,0.0,0.8150944910422174,0.0,0.7577722137769491,0.20052238381165666,0.0,0.0,0.0,0.0,0.8391086270775229,0.0,0.0,0.0,0.0,0.0,0.0,0.9032310066384674,0.0,0.2289413012869937,0.19809343449118846,0.0,0.0,0.6372858270523389,0.0,0.0,0.0,0.0,0.0,0.0,0.0,0.0,0.0,1.0,0.0,0.0,0.0,0.0,0.0,0.0,0.20052238381165666,0.0,0.0,0.0,0.0,0.0,0.0,0.8021471346481076,0.0,0.0,0.0,0.0,0.0,0.0,0.0,0.0,0.0,0.19809343449118846,0.0,0.0,0.7956751301259779,0.0,0.0,0.0,0.0,0.0,0.0,0.0,0.0
a671d564c50b3056b915bdc6b063b781989b42e01a3743a1cb82849414fed0f8,0.8632264862386388,0.0,0.0,0.0,0.0,0.0,0.6838953318995953,0.0,0.6876302310806517,0.0,0.0,0.0,0.0,0.0,0.6508862021371611,0.0,0.0,0.0,0.0,0.0,0.0,0.0,0.0,0.0,0.0,0.6173695252391608,0.0,0.0,0.0,0.0,0.0,0.0,0.0,0.0,0.0,0.6518556628493996,0.0,0.0,0.6838953318995953,0.0,0.0,1.0,0.6876302310806517,0.0,0.0,0.0,0.6518556628493996,0.0,0.0,0.0,0.7126937981773366,0.0,0.0,0.0,0.0,0.0,0.0,0.0,0.0,0.6876302310806517,0.6876302310806517,0.6536862941936133,0.8990429691141155,0.0,0.0,0.6876302310806517,0.0,0.0,0.0,0.0,0.6876302310806517,0.6876302310806517,0.6876302310806517,0.0,0.6876302310806517,0.8884247057232647
ac9b07bd783e52e5997977617d41111849faafcbc3604f9aace2db106bf8b399,0.7546452061101087,0.0,0.0,0.0,0.0,0.0,0.7883123098222322,0.0,0.9554111429750463,0.0,0.0,0.0,0.0,0.0,0.7769402495669213,0.0,0.0,0.0,0.0,0.0,0.0,0.0,0.0,0.0,0.0,0.7166592359482098,0.0,0.0,0.0,0.0,0.0,0.0,0.0,0.0,0.0,0.7769402495669213,0.0,0.0,0.7883123098222322,0.0,0.0,0.6876302310806517,1.0,0.1549250061972062,0.0,0.0,0.7769402495669213,0.0,0.0,0.0,0.7378479501020887,0.0,0.0,0.0,0.0,0.0,0.0,0.0,0.0,0.9554111429750463,0.9554111429750463,0.7794822229264485,0.6615741030303578,0.0,0.0,0.9554111429750463,0.0,0.0,0.0,0.0,0.9554111429750463,0.9554111429750463,0.9554111429750463,0.0,0.9554111429750463,0.75529747591617
af1408a4d276842bea2ff1528fc1d2b93889a1fc4a91c6594fc27af325120da8,0.0,0.0,0.0,0.0,0.0,0.0,0.0,0.0,0.1549250061972062,0.43115025282965774,0.0,0.4673084890449429,0.0,0.0,0.0,0.0,0.0,0.459942356555582,0.0,0.0,0.0,0.0,0.0,0.0,0.5098676179937665,0.0,0.0,0.0,0.0,0.0,0.0,0.0,0.0,0.0,0.0,0.0,0.0,0.0,0.0,0.0,0.0,0.0,0.1549250061972062,1.0,0.0,0.0,0.0,0.0,0.0,0.0,0.0,0.0,0.0,0.0,0.0,0.0,0.0,0.0,0.0,0.1549250061972062,0.1549250061972062,0.0,0.0,0.0,0.0,0.1549250061972062,0.0,0.0,0.0,0.0,0.1549250061972062,0.1549250061972062,0.1549250061972062,0.0,0.1549250061972062,0.0
b46fbc45e8b533ae4d00ce973ffab18dc3744c8da76463ff0dd246d8a9a91342,0.0,0.32530173744664115,0.0,0.0,0.0,0.6439568543909271,0.0,0.0,0.0,0.0,0.0,0.0,0.0,0.38738830106617056,0.0,0.0,0.0,0.0,0.0,0.0,0.0,0.0,0.9589749578647032,0.32113253939755765,0.0,0.0,0.0,0.3013424452848735,0.0,0.3231617304044459,0.0,0.0,0.32530173744664115,0.32113253939755765,0.0,0.0,0.0,0.0,0.0,0.0,0.0,0.0,0.0,0.0,1.0,0.0,0.0,0.0,0.0,0.3463098822402739,0.0,0.32113253939755765,0.7142898653319267,0.32113253939755765,0.0,0.0,0.0,0.32113253939755765,0.0,0.0,0.0,0.0,0.0,0.0,0.3013424452848735,0.0,0.32113253939755765,0.0,0.0,0.0,0.0,0.0,0.0,0.0,0.0,0.0
b524ed1cc22253f09d56f54d8ded4566b63352ff739f58de961f8a5bebb0fad9,0.0,0.0,0.0,0.0,0.0,0.0,0.0,0.0,0.0,0.0,0.0,0.0,0.0,0.0,0.0,0.0,0.0,0.0,0.0,0.0,0.0,0.0,0.0,0.0,0.0,0.0,0.0,0.0,0.0,0.0,0.0,0.0,0.0,0.0,0.0,0.0,0.0,0.0,0.0,0.0,0.0,0.0,0.0,0.0,0.0,1.0,0.0,0.0,0.0,0.0,0.0,0.0,0.0,0.0,0.0,0.0,0.0,0.0,0.0,0.0,0.0,0.0,0.0,0.0,0.0,0.0,0.0,0.0,0.0,0.0,0.0,0.0,0.0,0.0,0.0,0.0
c12ea811bbe3c730529545f379aa852ed85c6ae5d45307dd45cc13ca0cd6ccd0,0.7202847086729889,0.0,0.0,0.0,0.0,0.0,0.8501598765510983,0.0,0.7769402495669213,0.0,0.0,0.0,0.0,0.0,0.8159087791813078,0.0,0.0,0.0,0.0,0.0,0.0,0.0,0.0,0.0,0.0,0.847560374981329,0.0,0.0,0.0,0.0,0.0,0.0,0.0,0.0,0.0,0.7985569908460399,0.0,0.0,0.8501598765510983,0.0,0.0,0.6518556628493996,0.7769402495669213,0.0,0.0,0.0,1.0,0.0,0.0,0.0,0.6739625956158114,0.0,0.0,0.0,0.0,0.0,0.0,0.0,0.0,0.7769402495669213,0.7769402495669213,0.7024865293544111,0.6100219470832245,0.0,0.0,0.7769402495669213,0.0,0.0,0.0,0.0,0.7769402495669213,0.7769402495669213,0.7769402495669213,0.0,0.7769402495669213,0.632912415595636
c14f8bc656284715516f26935afe487a1d584f56ffabbcb98f2974f6ca6cd3a4,0.0,0.0,0.0,0.0,0.0,0.0,0.0,0.0,0.0,0.3306800039381838,0.0,0.31533410478415963,0.9533470396509797,0.0,0.0,0.0,0.0,0.41903482632585054,0.0,0.0,0.0,0.0,0.0,0.0,0.32636303786593857,0.0,0.8944579329734134,0.902223303482054,0.0,0.0,0.8419623499790435,0.0,0.0,0.0,0.0,0.0,0.0,0.0,0.0,0.0,0.20052238381165666,0.0,0.0,0.0,0.0,0.0,0.0,1.0,0.0,0.0,0.0,0.0,0.0,0.0,0.0,0.0,0.0,0.0,0.0,0.0,0.0,0.0,0.0,0.0,0.902223303482054,0.0,0.0,0.0,0.0,0.0,0.0,0.0,0.0,0.0,0.0,0.0
c503289716c5b6c581a99953a90bcc2b93f14353658bd931aa83fd55d02624f1,0.0,0.0,0.0,0.0,0.0,0.0,0.0,0.0,0.0,0.0,0.0,0.0,0.0,0.0,0.0,0.0,0.0,0.0,0.9434512775185826,0.0,0.0,0.0,0.0,0.0,0.0,0.0,0.0,0.0,0.0,0.0,0.0,0.0,0.0,0.0,0.0,0.0,0.7450188440972297,0.0,0.0,0.0,0.0,0.0,0.0,0.0,0.0,0.0,0.0,0.0,1.0,0.0,0.0,0.0,0.0,0.0,0.0,0.0,0.0,0.0,0.0,0.0,0.0,0.0,0.0,0.0,0.0,0.0,0.0,0.0,0.9434512775185826,0.0,0.0,0.0,0.0,0.9434512775185826,0.0,0.0
c64269a64b64b20108df89c4f1a415936c9d9923f8761d0667aa8492aa057acb,0.0,0.0,0.0,0.0,0.0,0.5438981862331985,0.0,0.0,0.0,0.0,0.0,0.0,0.0,0.6431296368643094,0.0,0.0,0.0,0.0,0.0,0.0,0.0,0.0,0.0,0.5865319420303431,0.0,0.0,0.0,0.0,0.0,0.0,0.0,0.0,0.0,0.5865319420303431,0.0,0.0,0.0,0.0,0.0,0.5580814433717274,0.0,0.0,0.0,0.0,0.3463098822402739,0.0,0.0,0.0,0.0,1.0,0.0,0.5865319420303431,0.5438593225895855,0.5865319420303431,0.0,0.0,0.0,0.5865319420303431,0.5710798799383348,0.0,0.0,0.0,0.0,0.0,0.5937928930170128,0.0,0.5865319420303431,0.0,0.0,0.0,0.0,0.0,0.0,0.0,0.0,0.0
c7e7deb369f1afc808131a369d19c1fc113becd47a44852247334af06af8c987,0.581015852656323,0.0,0.0,0.0,0.0,0.0,0.7295242960124705,0.0,0.7378479501020887,0.0,0.0,0.0,0.0,0.0,0.6660242323479759,0.0,0.0,0.0,0.0,0.0,0.0,0.0,0.0,0.0,0.0,0.7455237862704087,0.0,0.0,0.0,0.0,0.0,0.0,0.0,0.0,0.0,0.6739625956158114,0.0,0.0,0.7295242960124705,0.0,0.0,0.7126937981773366,0.7378479501020887,0.0,0.0,0.0,0.6739625956158114,0.0,0.0,0.0,1.0,0.0,0.0,0.0,0.0,0.0,0.0,0.0,0.0,0.7378479501020887,0.7378479501020887,0.6830726212789483,0.6151067119717188,0.0,0.0,0.7378479501020887,0.0,0.0,0.0,0.0,0.7378479501020887,0.7378479501020887,0.7378479501020887,0.0,0.7378479501020887,0.6788740560813654
cfdc2cb47ef3d2396307c487fc3c9fe55b3802b2e570bee9aea4ab1e4ed2ec28,0.0,0.0,0.0,0.0,0.0,0.0,0.0,0.0,0.0,0.0,0.0,0.0,0.0,0.41475384406342625,0.0,0.0,0.0,0.0,0.0,0.0,0.0,0.0,0.32113253939755765,0.9490939094379226,0.18786323804225605,0.0,0.32895497424376197,0.36977211936603394,0.0,0.9675298193390403,0.0,0.0,0.0,0.9490939094379226,0.7813585141250142,0.0,0.0,0.0,0.0,0.8040438994823719,0.0,0.0,0.0,0.0,0.32113253939755765,0.0,0.0,0.0,0.0,0.5865319420303431,0.0,1.0,0.22835856847977107,0.9490939094379226,0.0,0.0,0.0,0.9490939094379226,0.9205521008592281,0.0,0.0,0.0,0.0,0.0,0.36977211936603394,0.0,0.9490939094379226,0.19733655661312086,0.0,0.0,0.0,0.0,0.0,0.0,0.0,0.0
d083ecc1195602c45d9cb75a08c395ad7d2b0bf73d7e70e2fc76101c780dd38f,0.0,0.35835658411713706,0.0,0.0,0.0,0.6479924969848665,0.0,0.0,0.0,0.0,0.0,0.0,0.0,0.46423560548236464,0.0,0.0,0.0,0.0,0.0,0.0,0.0,0.0,0.7142898653319267,0.22835856847977107,0.0,0.0,0.08608721324062371,0.11542868113997579,0.0,0.2849497527345596,0.0,0.0,0.35835658411713706,0.22835856847977107,0.3207669521993693,0.0,0.0,0.0,0.0,0.2927482642828648,0.0,0.0,0.0,0.0,0.7142898653319267,0.0,0.0,0.0,0.0,0.5438593225895855,0.0,0.22835856847977107,1.0,0.22835856847977107,0.0,0.0,0.0,0.22835856847977107,0.23651249671249283,0.0,0.0,0.0,0.0,0.0,0.11542868113997579,0.0,0.22835856847977107,0.0,0.0,0.0,0.0,0.0,0.0,0.0,0.0,0.0
d0d7a8f588693b7cc967fb4069419125625eb7454ba553c0416f35fc95307cbe,0.0,0.0,0.0,0.0,0.0,0.0,0.0,0.0,0.0,0.0,0.0,0.0,0.0,0.41475384406342625,0.0,0.0,0.0,0.0,0.0,0.0,0.0,0.0,0.32113253939755765,0.9490939094379226,0.18786323804225605,0.0,0.32895497424376197,0.36977211936603394,0.0,0.9675298193390403,0.0,0.0,0.0,0.9490939094379226,0.7813585141250142,0.0,0.0,0.0,0.0,0.8040438994823719,0.0,0.0,0.0,0.0,0.32113253939755765,0.0,0.0,0.0,0.0,0.5865319420303431,0.0,0.9490939094379226,0.22835856847977107,1.0,0.0,0.0,0.0,0.9490939094379226,0.9205521008592281,0.0,0.0,0.0,0.0,0.0,0.36977211936603394,0.0,0.9490939094379226,0.19733655661312086,0.0,0.0,0.0,0.0,0.0,0.0,0.0,0.0
d16645bce49ea342c4b4f5afa3f711bf0a3986a4a7354f96f24a21f161fff7cb,0.0,0.0,0.0,0.0,0.0,0.0,0.0,0.0,0.0,0.8461760544886257,0.0,0.8874470433783551,0.0,0.0,0.0,0.0,0.0,0.8181777996669216,0.0,0.0,0.0,0.0,0.0,0.0,0.6522878085649968,0.0,0.21626437192982118,0.43292902978714665,0.0,0.0,0.6375234210869323,0.0,0.0,0.0,0.0,0.0,0.0,0.0,0.0,0.0,0.8021471346481076,0.0,0.0,0.0,0.0,0.0,0.0,0.0,0.0,0.0,0.0,0.0,0.0,0.0,1.0,0.0,0.0,0.0,0.0,0.0,0.0,0.0,0.0,0.0,0.43292902978714665,0.0,0.0,0.9200476194571963,0.0,0.0,0.0,0.0,0.0,0.0,0.0,0.0
d21c71a090cd6759efc1f258b4d087e82c281ce65a9d76f20a24857901e694fc,0.0,0.0,0.0,0.8601644657144956,0.0,0.0,0.0,0.0,0.0,0.0,0.0,0.0,0.0,0.0,0.0,0.0,0.0,0.0,0.0,0.0,0.0,0.0,0.0,0.0,0.0,0.0,0.0,0.0,0.0,0.0,0.0,0.0,0.0,0.0,0.0,0.0,0.0,0.0,0.0,0.0,0.0,0.0,0.0,0.0,0.0,0.0,0.0,0.0,0.0,0.0,0.0,0.0,0.0,0.0,0.0,1.0,0.0,0.0,0.0,0.0,0.0,0.0,0.0,0.0,0.0,0.0,0.0,0.0,0.0,0.0,0.0,0.0,0.0,0.0,0.0,0.0
d236d64b7bf9510ea1746d10a4c164a2ef2c724cc62b2bca91d72bdf24821e40,0.0,0.0,0.0,0.0,0.6504944897959719,0.0,0.0,0.47001448949483254,0.0,0.0,0.0,0.0,0.0,0.0,0.0,0.0,0.0,0.0,0.0,0.0,0.0,0.0,0.0,0.0,0.0,0.0,0.0,0.0,0.0,0.0,0.0,0.0,0.0,0.0,0.0,0.0,0.0,0.0,0.0,0.0,0.0,0.0,0.0,0.0,0.0,0.0,0.0,0.0,0.0,0.0,0.0,0.0,0.0,0.0,0.0,0.0,1.0,0.0,0.0,0.0,0.0,0.0,0.0,0.0,0.0,0.0,0.0,0.0,0.0,0.0,0.0,0.0,0.0,0.0,0.0,0.0
d5d744e0f7984ec01593da35f26bf24e95e4b1cc8bd1c0ff4f31de5dbf94e38f,0.0,0.0,0.0,0.0,0.0,0.0,0.0,0.0,0.0,0.0,0.0,0.0,0.0,0.41475384406342625,0.0,0.0,0.0,0.0,0.0,0.0,0.0,0.0,0.32113253939755765,0.9490939094379226,0.18786323804225605,0.0,0.32895497424376197,0.36977211936603394,0.0,0.9675298193390403,0.0,0.0,0.0,0.9490939094379226,0.7813585141250142,0.0,0.0,0.0,0.0,0.8040438994823719,0.0,0.0,0.0,0.0,0.32113253939755765,0.0,0.0,0.0,0.0,0.5865319420303431,0.0,0.9490939094379226,0.22835856847977107,0.9490939094379226,0.0,0.0,0.0,1.0,0.9205521008592281,0.0,0.0,0.0,0.0,0.0,0.36977211936603394,0.0,0.9490939094379226,0.19733655661312086,0.0,0.0,0.0,0.0,0.0,0.0,0.0,0.0
d7333223dcc1002aae04e25e31d8c297efa791a2c1e609d67ac6d9af338efbe8,0.0,0.0,0.0,0.0,0.0,0.5738991246280177,0.0,0.0,0.0,0.0,0.0,0.0,0.0,0.46775404164843876,0.0,0.0,0.0,0.0,0.0,0.0,0.0,0.0,0.0,0.9205521008592281,0.2018278345224133,0.0,0.4475459692069487,0.45504402603444527,0.0,0.9576372059617544,0.0,0.0,0.0,0.9205521008592281,0.7700139465245192,0.0,0.0,0.0,0.0,0.7670097920931598,0.0,0.0,0.0,0.0,0.0,0.0,0.0,0.0,0.0,0.5710798799383348,0.0,0.9205521008592281,0.23651249671249283,0.9205521008592281,0.0,0.0,0.0,0.9205521008592281,1.0,0.0,0.0,0.0,0.0,0.0,0.45504402603444527,0.0,0.9205521008592281,0.22440001805117984,0.0,0.0,0.0,0.0,0.0,0.0,0.0,0.0
dbadeff4af3fa7785d54d177db9608f24d405971cf642ca0759a203d9e895930,0.7546452061101087,0.0,0.0,0.0,0.0,0.0,0.7883123098222322,0.0,0.9554111429750463,0.0,0.0,0.0,0.0,0.0,0.7769402495669213,0.0,0.0,0.0,0.0,0.0,0.0,0.0,0.0,0.0,0.0,0.7166592359482098,0.0,0.0,0.0,0.0,0.0,0.0,0.0,0.0,0.0,0.7769402495669213,0.0,0.0,0.7883123098222322,0.0,0.0,0.6876302310806517,0.9554111429750463,0.1549250061972062,0.0,0.0,0.7769402495669213,0.0,0.0,0.0,0.7378479501020887,0.0,0.0,0.0,0.0,0.0,0.0,0.0,0.0,1.0,0.9554111429750463,0.7794822229264485,0.6615741030303578,0.0,0.0,0.9554111429750463,0.0,0.0,0.0,0.0,0.9554111429750463,0.9554111429750463,0.9554111429750463,0.0,0.9554111429750463,0.75529747591617
dd4b13c694ca9d78d2a804149ac1919ee954564871e08c7f89c855d82c6c909a,0.7546452061101087,0.0,0.0,0.0,0.0,0.0,0.7769402495669213,0.0,0.9554111429750463,0.0,0.0,0.0,0.0,0.0,0.7769402495669213,0.0,0.0,0.0,0.0,0.0,0.0,0.0,0.0,0.0,0.0,0.7166592359482098,0.0,0.0,0.0,0.0,0.0,0.0,0.0,0.0,0.0,0.7769402495669213,0.0,0.0,0.7769402495669213,0.0,0.0,0.6876302310806517,0.9554111429750463,0.1549250061972062,0.0,0.0,0.7769402495669213,0.0,0.0,0.0,0.7378479501020887,0.0,0.0,0.0,0.0,0.0,0.0,0.0,0.0,0.9554111429750463,1.0,0.7794822229264485,0.6615741030303578,0.0,0.0,0.9554111429750463,0.0,0.0,0.0,0.0,0.9554111429750463,0.9554111429750463,0.9554111429750463,0.0,0.9554111429750463,0.75529747591617
de708f2807f96938e5eb0295d5ebfee870b34dd0cb70708607d4e1adf767ce7b,0.672650487349861,0.0,0.0,0.0,0.0,0.0,0.8238125087018762,0.0,0.7794822229264485,0.0,0.0,0.0,0.0,0.0,0.72630692458081,0.0,0.0,0.0,0.0,0.0,0.0,0.0,0.0,0.0,0.0,0.8720523950008245,0.0,0.0,0.0,0.0,0.0,0.0,0.0,0.0,0.0,0.7024865293544111,0.0,0.0,0.8238125087018762,0.0,0.0,0.6536862941936133,0.7794822229264485,0.0,0.0,0.0,0.7024865293544111,0.0,0.0,0.0,0.6830726212789483,0.0,0.0,0.0,0.0,0.0,0.0,0.0,0.0,0.7794822229264485,0.7794822229264485,1.0,0.5688822955985265,0.0,0.0,0.7794822229264485,0.0,0.0,0.0,0.0,0.7794822229264485,0.7794822229264485,0.7794822229264485,0.0,0.7794822229264485,0.6958769052789582
df3d947eb72a7b10f90222ae5a0aab0aade66f0bc1d3812c1b0366e6e8456591,0.8190199832093367,0.0,0.0,0.0,0.0,0.0,0.6708489698133306,0.0,0.6615741030303578,0.0,0.0,0.0,0.0,0.0,0.554577843998617,0.0,0.0,0.0,0.0,0.0,0.0,0.0,0.0,0.0,0.0,0.688897655681845,0.0,0.0,0.0,0.0,0.0,0.0,0.0,0.0,0.0,0.6100219470832245,0.0,0.0,0.6708489698133306,0.0,0.0,0.8990429691141155,0.6615741030303578,0.0,0.0,0.0,0.6100219470832245,0.0,0.0,0.0,0.6151067119717188,0.0,0.0,0.0,0.0,0.0,0.0,0.0,0.0,0.6615741030303578,0.6615741030303578,0.5688822955985265,1.0,0.0,0.0,0.6615741030303578,0.0,0.0,0.0,0.0,0.6615741030303578,0.6615741030303578,0.6615741030303578,0.0,0.6615741030303578,0.8284279620286819
e07316969b2d2941e9ec6a940d03d03bd36527dae825f30265fd5221a858fca4,0.0,0.0,0.0,0.0,0.0,0.0,0.0,0.0,0.0,0.0,0.0,0.0,0.0,0.0,0.0,0.0,0.0,0.0,0.0,0.0,0.0,0.0,0.0,0.0,0.0,0.0,0.0,0.0,0.0,0.0,0.0,0.0,0.0,0.0,0.0,0.0,0.0,0.0,0.0,0.0,0.0,0.0,0.0,0.0,0.0,0.0,0.0,0.0,0.0,0.0,0.0,0.0,0.0,0.0,0.0,0.0,0.0,0.0,0.0,0.0,0.0,0.0,0.0,1.0,0.0,0.0,0.0,0.0,0.0,0.0,0.0,0.0,0.0,0.0,0.0,0.0
e64e350861b86d4e05668bc25e6c952880f6b39ca921496ccce1487dbf6acab6,0.0,0.0,0.0,0.0,0.0,0.0,0.0,0.0,0.0,0.5019989427331019,0.0,0.4522193484289351,0.902223303482054,0.2872102443615424,0.0,0.0,0.0,0.49328042931696714,0.0,0.0,0.0,0.0,0.3013424452848735,0.36977211936603394,0.4476428648815182,0.0,0.9325733345433533,0.938438273413395,0.0,0.46229658394676354,0.7092889183676337,0.0,0.0,0.36977211936603394,0.5299214726289371,0.0,0.0,0.0,0.0,0.592318262247462,0.19809343449118846,0.0,0.0,0.0,0.3013424452848735,0.0,0.0,0.902223303482054,0.0,0.5937928930170128,0.0,0.36977211936603394,0.11542868113997579,0.36977211936603394,0.43292902978714665,0.0,0.0,0.36977211936603394,0.45504402603444527,0.0,0.0,0.0,0.0,0.0,1.0,0.0,0.36977211936603394,0.48553129295502795,0.0,0.0,0.0,0.0,0.0,0.0,0.0,0.0
eb0106ddaa84ba85fdaba5df923df7ecdc612a90e1268e031923266fa17eef4c,0.7546452061101087,0.0,0.0,0.0,0.0,0.0,0.7769402495669213,0.0,0.9554111429750463,0.0,0.0,0.0,0.0,0.0,0.7769402495669213,0.0,0.0,0.0,0.0,0.0,0.0,0.0,0.0,0.0,0.0,0.7166592359482098,0.0,0.0,0.0,0.0,0.0,0.0,0.0,0.0,0.0,0.7769402495669213,0.0,0.0,0.7769402495669213,0.0,0.0,0.6876302310806517,0.9554111429750463,0.1549250061972062,0.0,0.0,0.7769402495669213,0.0,0.0,0.0,0.7378479501020887,0.0,0.0,0.0,0.0,0.0,0.0,0.0,0.0,0.9554111429750463,0.9554111429750463,0.7794822229264485,0.6615741030303578,0.0,0.0,1.0,0.0,0.0,0.0,0.0,0.9554111429750463,0.9554111429750463,0.9554111429750463,0.0,0.9554111429750463,0.75529747591617
ec3da4ac9ec917e66ab943ab149119807922f64f2e4960ebadc36fe7520b300f,0.0,0.0,0.0,0.0,0.0,0.0,0.0,0.0,0.0,0.0,0.0,0.0,0.0,0.41475384406342625,0.0,0.0,0.0,0.0,0.0,0.0,0.0,0.0,0.32113253939755765,0.9490939094379226,0.18786323804225605,0.0,0.32895497424376197,0.36977211936603394,0.0,0.9675298193390403,0.0,0.0,0.0,0.9490939094379226,0.7813585141250142,0.0,0.0,0.0,0.0,0.8040438994823719,0.0,0.0,0.0,0.0,0.32113253939755765,0.0,0.0,0.0,0.0,0.5865319420303431,0.0,0.9490939094379226,0.22835856847977107,0.9490939094379226,0.0,0.0,0.0,0.9490939094379226,0.9205521008592281,0.0,0.0,0.0,0.0,0.0,0.36977211936603394,0.0,1.0,0.19733655661312086,0.0,0.0,0.0,0.0,0.0,0.0,0.0,0.0
ef2cd9ded5532af231e0990feaf2df8fd79dc63f7a677192e17b89ef4adb7dd2,0.0,0.0,0.0,0.0,0.0,0.0,0.0,0.0,0.0,0.9010967463798956,0.0,0.8983824175556497,0.20052238381165666,0.34673482591240096,0.0,0.0,0.0,0.8595863724447772,0.0,0.0,0.0,0.0,0.0,0.19733655661312086,0.7426910140938161,0.0,0.38657861921921305,0.48553129295502795,0.0,0.23482148361267005,0.5412650885028502,0.0,0.0,0.19733655661312086,0.24261211025833573,0.0,0.0,0.0,0.0,0.21452525502406275,0.7956751301259779,0.0,0.0,0.0,0.0,0.0,0.0,0.0,0.0,0.0,0.0,0.19733655661312086,0.0,0.19733655661312086,0.9200476194571963,0.0,0.0,0.19733655661312086,0.22440001805117984,0.0,0.0,0.0,0.0,0.0,0.48553129295502795,0.0,0.19733655661312086,1.0,0.0,0.0,0.0,0.0,0.0,0.0,0.0,0.0
f0278073fc7f61f547b0580522abc519630041e41782f86af1113ad0242f2da0,0.0,0.0,0.0,0.0,0.0,0.0,0.0,0.0,0.0,0.0,0.0,0.0,0.0,0.0,0.0,0.0,0.0,0.0,0.9434512775185826,0.0,0.0,0.0,0.0,0.0,0.0,0.0,0.0,0.0,0.0,0.0,0.0,0.0,0.0,0.0,0.0,0.0,0.7450188440972297,0.0,0.0,0.0,0.0,0.0,0.0,0.0,0.0,0.0,0.0,0.0,0.9434512775185826,0.0,0.0,0.0,0.0,0.0,0.0,0.0,0.0,0.0,0.0,0.0,0.0,0.0,0.0,0.0,0.0,0.0,0.0,0.0,1.0,0.0,0.0,0.0,0.0,0.9434512775185826,0.0,0.0
f092b985b75a702c784f0936ce892595b91d025b26f3387a712b76dcc3a4bc81,0.0,0.0,0.9445974209926292,0.0,0.0,0.0,0.0,0.0,0.0,0.0,0.0,0.0,0.0,0.0,0.0,0.0,0.0,0.0,0.0,0.0,0.0,0.0,0.0,0.0,0.0,0.0,0.0,0.0,0.0,0.0,0.0,0.0,0.0,0.0,0.0,0.0,0.0,0.9445974209926292,0.0,0.0,0.0,0.0,0.0,0.0,0.0,0.0,0.0,0.0,0.0,0.0,0.0,0.0,0.0,0.0,0.0,0.0,0.0,0.0,0.0,0.0,0.0,0.0,0.0,0.0,0.0,0.0,0.0,0.0,0.0,1.0,0.0,0.0,0.0,0.0,0.0,0.0
f40680deec287d14eba951ea7f381738f6b0150fe31190f477ec2179d5c9d8b0,0.7546452061101087,0.0,0.0,0.0,0.0,0.0,0.7883123098222322,0.0,0.9554111429750463,0.0,0.0,0.0,0.0,0.0,0.7769402495669213,0.0,0.0,0.0,0.0,0.0,0.0,0.0,0.0,0.0,0.0,0.7166592359482098,0.0,0.0,0.0,0.0,0.0,0.0,0.0,0.0,0.0,0.7769402495669213,0.0,0.0,0.7883123098222322,0.0,0.0,0.6876302310806517,0.9554111429750463,0.1549250061972062,0.0,0.0,0.7769402495669213,0.0,0.0,0.0,0.7378479501020887,0.0,0.0,0.0,0.0,0.0,0.0,0.0,0.0,0.9554111429750463,0.9554111429750463,0.7794822229264485,0.6615741030303578,0.0,0.0,0.9554111429750463,0.0,0.0,0.0,0.0,1.0,0.9554111429750463,0.9554111429750463,0.0,0.9554111429750463,0.75529747591617
f85d2de7e9af6d739fada0a7891df20f019f9a971e1b07024a62331173600f94,0.7546452061101087,0.0,0.0,0.0,0.0,0.0,0.7769402495669213,0.0,0.9554111429750463,0.0,0.0,0.0,0.0,0.0,0.7769402495669213,0.0,0.0,0.0,0.0,0.0,0.0,0.0,0.0,0.0,0.0,0.7166592359482098,0.0,0.0,0.0,0.0,0.0,0.0,0.0,0.0,0.0,0.7769402495669213,0.0,0.0,0.7769402495669213,0.0,0.0,0.6876302310806517,0.9554111429750463,0.1549250061972062,0.0,0.0,0.7769402495669213,0.0,0.0,0.0,0.7378479501020887,0.0,0.0,0.0,0.0,0.0,0.0,0.0,0.0,0.9554111429750463,0.9554111429750463,0.7794822229264485,0.6615741030303578,0.0,0.0,0.9554111429750463,0.0,0.0,0.0,0.0,0.9554111429750463,1.0,0.9554111429750463,0.0,0.9554111429750463,0.75529747591617
f894ffdc00c7b9278ce1773fb7f0c7c42048361ff0ae65df4341fbe6ecc63d9a,0.7546452061101087,0.0,0.0,0.0,0.0,0.0,0.7769402495669213,0.0,0.9554111429750463,0.0,0.0,0.0,0.0,0.0,0.7769402495669213,0.0,0.0,0.0,0.0,0.0,0.0,0.0,0.0,0.0,0.0,0.7166592359482098,0.0,0.0,0.0,0.0,0.0,0.0,0.0,0.0,0.0,0.7769402495669213,0.0,0.0,0.7769402495669213,0.0,0.0,0.6876302310806517,0.9554111429750463,0.1549250061972062,0.0,0.0,0.7769402495669213,0.0,0.0,0.0,0.7378479501020887,0.0,0.0,0.0,0.0,0.0,0.0,0.0,0.0,0.9554111429750463,0.9554111429750463,0.7794822229264485,0.6615741030303578,0.0,0.0,0.9554111429750463,0.0,0.0,0.0,0.0,0.9554111429750463,0.9554111429750463,1.0,0.0,0.9554111429750463,0.75529747591617
fa13f5a811e591c79f3207500604455879f34edf6ace61d5e34d54c3a5e8af64,0.0,0.0,0.0,0.0,0.0,0.0,0.0,0.0,0.0,0.0,0.0,0.0,0.0,0.0,0.0,0.0,0.0,0.0,0.9434512775185826,0.0,0.0,0.0,0.0,0.0,0.0,0.0,0.0,0.0,0.0,0.0,0.0,0.0,0.0,0.0,0.0,0.0,0.7450188440972297,0.0,0.0,0.0,0.0,0.0,0.0,0.0,0.0,0.0,0.0,0.0,0.9434512775185826,0.0,0.0,0.0,0.0,0.0,0.0,0.0,0.0,0.0,0.0,0.0,0.0,0.0,0.0,0.0,0.0,0.0,0.0,0.0,0.9434512775185826,0.0,0.0,0.0,0.0,1.0,0.0,0.0
fca0325ce51a7c278ffa1a016c1bd2032edb74c6c48b27be4c0cd5c359a82b10,0.7546452061101087,0.0,0.0,0.0,0.0,0.0,0.7883123098222322,0.0,0.9554111429750463,0.0,0.0,0.0,0.0,0.0,0.7769402495669213,0.0,0.0,0.0,0.0,0.0,0.0,0.0,0.0,0.0,0.0,0.7166592359482098,0.0,0.0,0.0,0.0,0.0,0.0,0.0,0.0,0.0,0.7769402495669213,0.0,0.0,0.7883123098222322,0.0,0.0,0.6876302310806517,0.9554111429750463,0.1549250061972062,0.0,0.0,0.7769402495669213,0.0,0.0,0.0,0.7378479501020887,0.0,0.0,0.0,0.0,0.0,0.0,0.0,0.0,0.9554111429750463,0.9554111429750463,0.7794822229264485,0.6615741030303578,0.0,0.0,0.9554111429750463,0.0,0.0,0.0,0.0,0.9554111429750463,0.9554111429750463,0.9554111429750463,0.0,1.0,0.75529747591617
fe909d18cf0fde089594689f9a69fbc6d57b69291a09f3b9df1e9b1fb724222b,0.8736271541918771,0.0,0.0,0.0,0.0,0.0,0.7127754302598853,0.0,0.75529747591617,0.0,0.0,0.0,0.0,0.0,0.6394748243125296,0.0,0.0,0.0,0.0,0.0,0.0,0.0,0.0,0.0,0.0,0.8657495067630945,0.0,0.0,0.0,0.0,0.0,0.0,0.0,0.0,0.0,0.632912415595636,0.0,0.0,0.7127754302598853,0.0,0.0,0.8884247057232647,0.75529747591617,0.0,0.0,0.0,0.632912415595636,0.0,0.0,0.0,0.6788740560813654,0.0,0.0,0.0,0.0,0.0,0.0,0.0,0.0,0.75529747591617,0.75529747591617,0.6958769052789582,0.8284279620286819,0.0,0.0,0.75529747591617,0.0,0.0,0.0,0.0,0.75529747591617,0.75529747591617,0.75529747591617,0.0,0.75529747591617,1.0
