,004a2dc3ec7b98fa7fe6ae9c23a8b051ec30bcfcd2bc387c440c07ff5180fe9a,10f971d2013b262f2b9a2bb2d8b777b5d00ea628b4e30c8382dd984d03b7bad0,14da004cc96b910fb75abb86df09e318d92f4fb8dda39c8bd6a8e0601b6605d8,14e547bebaa738b8605ba4182c4379317d121e268f846c0ed3da171375e65fe4,195ef8cfabc2e877ebb1a60a19850c714fb0a477592b0a8d61d88f0f96be5de9,2c69536793ab6f3a38bd0ab79d70ad8fb271b975c8c707175246f11d5be22f8c,2c874006199614655a153045793254888ceb0d0aa68c0d40b56351f54b0fab68,2d01c32d51e4bbb986255e402da4624a61b8ae960532fbb7bb0d3b0080cb9946,2d563dd113a02fdf452544ae2fd7c94162be6db8fb7a287a3474a6ab998159fd,30c18908c6f9b545dafa30edfc24f5fbd808ed69343f701c1f8d6501fe83cbdf,311baa4d4229a8d6802d82a8d9935592bf9a7b6aaf0949f0fa0b094592f5e8a7,319ec80eae65c1d39df27c80b52fe7fe1fadc6e9ceabf72f57d1b29e0467ac02,3b13b6f1d7cd14dc4a097a12e2e505c0a4cff495262261e2bfc991df238b9b04,3fc382ae51ceca3ad6ef5880cdd2d89ef508f368911d3cd41c71a54453004c55,3fd510a3b2e0b0802d57cd5b1cac1e61797d50a08b87d9b5243becd9e2f7073f,4080402553e9a86e954c1d9b7d0bb059786f52aba4a179a5d00e219500c8f43d,4139c96d16875d1c3d12c27086775437b26d3c0ebdcdc258fb012d23b9ef8345,4218214f32f946a02b7a7bebe3059af3dd87bcd130c0469aeb21b58299e2ef9a,42ac07c5175d88d6528cfe3dceacd01834323f10c4af98b1a190d5af7a7bb1cb,4c051e7271b06cf26f59d2076be6e543595ae8599d7c62b55dbfbc438d6e4fe8,4c9e3ffda0e663217638e6192a093bbc23cd9ebfbdf6d2fc683f331beaee0321,4e2554b448424859b508433e6c4a043718343febc7894a849f446dd197b47d1e,53bba522663285740d740031f1878f7a4886b582ebcdbddc043afcd0dca70028,605c2047be7c4a17823ad1fa5c1f94fd105721fce3621dc9148cd3baf352938e,6675c204844476dd8ce59ead0eac082754ded599036551526a8e2c509a1407e4,6713403015feb8959093f5d007bcbdbb3be9eec96dd62f517786b67506067251,6a441734b34cdee31a01164140b0c88966fbb4358dcb63a14ae6824f09e9476f,765327e1dc0888c69c92203d90037c5154db9787f54d3fc8f1097830be8c76ab,7caed5f406445c788543f55af6d98a8bc4f0c104e6a51e2564dd37b6a485cc18,9017c070ad6ac9ac52e361286b3ff24a315f721f488b53b7aaf6ac35de477f44,967422de1acc14deb7e7ce803d86aff44e2652bfcd550e3a34c2e37abc883dee,9751ae55b105ad8ffe6fc5dc7aea60ad723b6df67a959aa2ea6f4fa640d20a71,9c900078cc6061fb7ba038ee5c065a45112665f214361d433fc3906bf288e0eb,a14c508538dba4e05fcac66ddcfc1aaf4454507907523ba7d0983380e0a153da,a201cfc29ea98a499a42ce0def43a1a2394ee980651791d3b46ff258fc03c151,a376fd507afe8a1b5d377d18436e5701702109ac9d3e7026d19b65a7d313b332,a5989c480ec6506247325652a1f3cb415934675de3877270ae0f65edd9b14d13,a6bf25b3bfc2ab57ad8c1c7e130379a3a4dc0a97b6b3da04e27db79ed361e697,a9d483c0f021b72a94324562068d8164f8cce0aa8f779faea304669390775436,ac457fc7c907ca04a4aa2e243d4b5120c58d338b44771c84e0d282d625d463a0,acb64f80a17741793bed8c6a332c3abdc2918f825185919f3e097077c7106ae3,ad8d859ec7ea151fa814a81f1444a73d461fe750ab2cb9844b7f1c8eae0e2e5c,aee131ba1bfc4b6fa1961a7336e43d667086ebd2c7ff81029e14b2bf47d9f3a7,af538ab1b8bdfbf5b7f1548d72c0d042eb14d0011d796cab266f0671720abb4d,b345697c16f84d3775924dc17847fa3ff61579ee793a95248e9c4964da586dd1,b8ebe5e063f15862850b7d5ceb2a5d2b14d899b36b98f7aff2d54873e4ba28b3,c1c4e677b36a2ee6ae858546e727e73cc38c95c9024c724f939178b3c03de906,ca5005151916a447a1f7b554a1f4cdfd6873b299d2c014147cbe37521078c2fc,d65fa9ed1220cfa12d22239ca62a4b5978bb613090fc1dcb0cccdf191151d125,d8a336c80796a8e07c27e3dd8a80ac5f46c5c7cec06369ba90e033eb0bfeb076,dc276b7ca4a980cf487b73b4ef9c40fb93f1b00b5c757a726057ab21a0372ecf,e5e6058e5e4c27406911bc76336c42a7350e6ddedbf74a47f5a0c9616f737af4,e8a091a84dd2ea7ee429135ff48e9f48f7787637ccb79f6c3eb42f34588bc684,ecd04ebbb3df053ce4efa2b73912fd4d086d1720f9b410235ee9c1e529ea52a2,f03172bd32ed16df6dda8e8146d24b073b864da59d669218fcc5e97835a5e956,f55051e69e6137716c37b4f63f5d13b8a1fda02ae8f822678f1caee0a0d594f9,f8f629e41b46926d11cb653c3edfdc3a758136aa5201fba90cbf22aaad7054c5,fceb299326ef4298a3c30e10b31d8c64f1369b182ac256d1eeaf148c1adcea8d
004a2dc3ec7b98fa7fe6ae9c23a8b051ec30bcfcd2bc387c440c07ff5180fe9a,1.0,0.0,0.8258160288317153,0.8948130789192018,0.0,0.0,0.0,0.9038707207649174,0.9038707207649174,0.8258160288317153,0.8948130789192018,0.9038707207649174,0.8697524641941399,0.9038707207649174,0.8644391123105108,0.0,0.8948130789192018,0.0,0.8948130789192018,0.0,0.8425316409883322,0.0,0.0,0.9038707207649174,0.8948130789192018,0.0,0.8948130789192018,0.8948130789192018,0.8948130789192018,0.8948130789192018,0.8384202785964143,0.0,0.840313362869147,0.0,0.0,0.8668297248552796,0.9038707207649174,0.0,0.8096534824986054,0.0,0.0,0.0,0.8384202785964143,0.8948130789192018,0.0,0.0,0.8948130789192018,0.0,0.0,0.0,0.0,0.0,0.0,0.0,0.0,0.0,0.0,0.8056099603576581
10f971d2013b262f2b9a2bb2d8b777b5d00ea628b4e30c8382dd984d03b7bad0,0.0,1.0,0.0,0.0,0.0,0.0,0.07772324351298789,0.0,0.0,0.0,0.0,0.0,0.0,0.0,0.0,0.0,0.0,0.0,0.0,0.0,0.0,0.0,0.0,0.0,0.0,0.38371253370002356,0.0,0.0,0.0,0.0,0.0,0.0,0.0,0.07772324351298789,0.0,0.0,0.0,0.0,0.0,0.0,0.0,0.22785900801454062,0.0,0.0,0.0,0.0,0.0,0.07737377358244635,0.0,0.0,0.0,0.09088613918466584,0.0,0.0,0.0,0.2281012699663404,0.0,0.0
14da004cc96b910fb75abb86df09e318d92f4fb8dda39c8bd6a8e0601b6605d8,0.8258160288317153,0.0,1.0,0.8121415022811204,0.0,0.0,0.0,0.7834967148676406,0.7834967148676406,0.9131832668941907,0.8121415022811204,0.7834967148676406,0.8708240578469661,0.7834967148676406,0.8296429558960781,0.0,0.8121415022811204,0.0,0.8121415022811204,0.0,0.8405769577830966,0.0,0.0,0.7834967148676406,0.8121415022811204,0.0,0.8121415022811204,0.8121415022811204,0.8258160288317153,0.8121415022811204,0.8798379492856037,0.0,0.863098676656583,0.0,0.0,0.8345592564072598,0.7834967148676406,0.0,0.856276857020511,0.0,0.0,0.0,0.8204826563925436,0.8121415022811204,0.0,0.0,0.8258160288317153,0.0,0.0,0.0,0.0,0.0,0.0,0.0,0.0,0.0,0.0,0.7836355925549712
14e547bebaa738b8605ba4182c4379317d121e268f846c0ed3da171375e65fe4,0.8948130789192018,0.0,0.8121415022811204,1.0,0.0,0.0,0.0,0.9038707207649174,0.9038707207649174,0.8121415022811204,0.8531346464967838,0.9038707207649174,0.8415269894660212,0.9038707207649174,0.8353567577764264,0.0,0.8531346464967838,0.0,0.8531346464967838,0.0,0.7953009063537729,0.0,0.0,0.9038707207649174,0.8531346464967838,0.0,0.8531346464967838,0.8531346464967838,0.8948130789192018,0.8531346464967838,0.8576459037678035,0.0,0.7731376615972675,0.0,0.0,0.8077331909198681,0.9038707207649174,0.0,0.8005643784956595,0.0,0.0,0.0,0.7786407151828731,0.8531346464967838,0.0,0.0,0.8948130789192018,0.0,0.0,0.0,0.0,0.0,0.0,0.0,0.0,0.0,0.0,0.7583865955277321
195ef8cfabc2e877ebb1a60a19850c714fb0a477592b0a8d61d88f0f96be5de9,0.0,0.0,0.0,0.0,1.0,0.0,0.0,0.0,0.0,0.0,0.0,0.0,0.0,0.0,0.0,0.0,0.0,0.0,0.0,0.0,0.0,0.0,0.0,0.0,0.0,0.0,0.0,0.0,0.0,0.0,0.0,0.0,0.0,0.0,0.0,0.0,0.0,0.0,0.0,0.0,0.0,0.0,0.0,0.0,0.0,0.0,0.0,0.0,0.0,0.0,0.0,0.0,0.0,0.0,0.0,0.0,0.0,0.0
2c69536793ab6f3a38bd0ab79d70ad8fb271b975c8c707175246f11d5be22f8c,0.0,0.0,0.0,0.0,0.0,1.0,0.0,0.0,0.0,0.0,0.0,0.0,0.0,0.0,0.0,0.0,0.0,0.5728435698409338,0.0,0.9522888745201968,0.0,0.0,0.0,0.0,0.0,0.43273836166680274,0.0,0.0,0.0,0.0,0.0,0.0,0.0,0.0,0.0,0.0,0.0,0.9522888745201968,0.0,0.0,0.0,0.0,0.0,0.0,0.0,0.0,0.0,0.0,0.0,0.0,0.0,0.29734805157033306,0.0,0.0,0.0,0.0,0.0,0.0
2c874006199614655a153045793254888ceb0d0aa68c0d40b56351f54b0fab68,0.0,0.07772324351298789,0.0,0.0,0.0,0.0,1.0,0.0,0.0,0.0,0.0,0.0,0.0,0.0,0.0,0.0,0.0,0.0,0.0,0.0,0.0,0.0,0.0,0.0,0.0,0.0,0.0,0.0,0.0,0.0,0.0,0.0,0.0,0.9563906062084876,0.0,0.0,0.0,0.0,0.0,0.0,0.0,0.0,0.0,0.0,0.0,0.0,0.0,0.2150912929096875,0.0,0.0,0.0,0.12212919813556306,0.0,0.0,0.0,0.1654035335385888,0.0,0.0
2d01c32d51e4bbb986255e402da4624a61b8ae960532fbb7bb0d3b0080cb9946,0.9038707207649174,0.0,0.7834967148676406,0.9038707207649174,0.0,0.0,0.0,1.0,0.9047287542031958,0.8255689851794685,0.9038707207649174,0.9047287542031958,0.8097054383437438,0.9047287542031958,0.8930542175757058,0.0,0.9038707207649174,0.0,0.9038707207649174,0.0,0.9082647950411213,0.0,0.0,0.9047287542031958,0.9038707207649174,0.0,0.9038707207649174,0.9038707207649174,0.9038707207649174,0.9038707207649174,0.8935012031078804,0.0,0.8954807301397438,0.0,0.0,0.8747987668871454,0.9047287542031958,0.0,0.761427544916974,0.0,0.0,0.0,0.9026019547548915,0.9038707207649174,0.0,0.0,0.9038707207649174,0.0,0.0,0.0,0.0,0.0,0.0,0.0,0.0,0.0,0.0,0.8217682821343275
2d563dd113a02fdf452544ae2fd7c94162be6db8fb7a287a3474a6ab998159fd,0.9038707207649174,0.0,0.7834967148676406,0.9038707207649174,0.0,0.0,0.0,0.9047287542031958,1.0,0.8255689851794685,0.9038707207649174,0.9047287542031958,0.8097054383437438,0.9047287542031958,0.8930542175757058,0.0,0.9038707207649174,0.0,0.9038707207649174,0.0,0.9082647950411213,0.0,0.0,0.9047287542031958,0.9038707207649174,0.0,0.9038707207649174,0.9038707207649174,0.9038707207649174,0.9038707207649174,0.8935012031078804,0.0,0.8954807301397438,0.0,0.0,0.8747987668871454,0.9047287542031958,0.0,0.761427544916974,0.0,0.0,0.0,0.9026019547548915,0.9038707207649174,0.0,0.0,0.9038707207649174,0.0,0.0,0.0,0.0,0.0,0.0,0.0,0.0,0.0,0.0,0.8217682821343275
30c18908c6f9b545dafa30edfc24f5fbd808ed69343f701c1f8d6501fe83cbdf,0.8258160288317153,0.0,0.9131832668941907,0.8121415022811204,0.0,0.0,0.0,0.8255689851794685,0.8255689851794685,1.0,0.8121415022811204,0.8255689851794685,0.8696358712481967,0.8255689851794685,0.7934124860218379,0.0,0.8121415022811204,0.0,0.8121415022811204,0.0,0.8306211612576533,0.0,0.0,0.8255689851794685,0.8121415022811204,0.0,0.8121415022811204,0.8121415022811204,0.8258160288317153,0.8121415022811204,0.7793171101793392,0.0,0.7908581044554783,0.0,0.0,0.7950388296355526,0.8255689851794685,0.0,0.8818336526491157,0.0,0.0,0.0,0.7434946659398164,0.8121415022811204,0.0,0.0,0.8258160288317153,0.0,0.0,0.0,0.0,0.0,0.0,0.0,0.0,0.0,0.0,0.824426443561654
311baa4d4229a8d6802d82a8d9935592bf9a7b6aaf0949f0fa0b094592f5e8a7,0.8948130789192018,0.0,0.8121415022811204,0.8531346464967838,0.0,0.0,0.0,0.9038707207649174,0.9038707207649174,0.8121415022811204,1.0,0.9038707207649174,0.8415269894660212,0.9038707207649174,0.8353567577764264,0.0,0.8531346464967838,0.0,0.8531346464967838,0.0,0.7953009063537729,0.0,0.0,0.9038707207649174,0.8531346464967838,0.0,0.8531346464967838,0.8531346464967838,0.8948130789192018,0.8531346464967838,0.8576459037678035,0.0,0.7731376615972675,0.0,0.0,0.8077331909198681,0.9038707207649174,0.0,0.8005643784956595,0.0,0.0,0.0,0.7786407151828731,0.8531346464967838,0.0,0.0,0.8948130789192018,0.0,0.0,0.0,0.0,0.0,0.0,0.0,0.0,0.0,0.0,0.7583865955277321
319ec80eae65c1d39df27c80b52fe7fe1fadc6e9ceabf72f57d1b29e0467ac02,0.9038707207649174,0.0,0.7834967148676406,0.9038707207649174,0.0,0.0,0.0,0.9047287542031958,0.9047287542031958,0.8255689851794685,0.9038707207649174,1.0,0.8097054383437438,0.9047287542031958,0.8930542175757058,0.0,0.9038707207649174,0.0,0.9038707207649174,0.0,0.9082647950411213,0.0,0.0,0.9047287542031958,0.9038707207649174,0.0,0.9038707207649174,0.9038707207649174,0.9038707207649174,0.9038707207649174,0.8935012031078804,0.0,0.8954807301397438,0.0,0.0,0.8747987668871454,0.9047287542031958,0.0,0.761427544916974,0.0,0.0,0.0,0.9026019547548915,0.9038707207649174,0.0,0.0,0.9038707207649174,0.0,0.0,0.0,0.0,0.0,0.0,0.0,0.0,0.0,0.0,0.8217682821343275
3b13b6f1d7cd14dc4a097a12e2e505c0a4cff495262261e2bfc991df238b9b04,0.8697524641941399,0.0,0.8708240578469661,0.8415269894660212,0.0,0.0,0.0,0.8097054383437438,0.8097054383437438,0.8696358712481967,0.8415269894660212,0.8097054383437438,1.0,0.8097054383437438,0.8085659257542899,0.0,0.8415269894660212,0.0,0.8415269894660212,0.0,0.8282775257792003,0.0,0.0,0.8097054383437438,0.8415269894660212,0.0,0.8415269894660212,0.8415269894660212,0.8697524641941399,0.8415269894660212,0.7443154943684963,0.0,0.8028019473538235,0.0,0.0,0.7413574571068221,0.8097054383437438,0.0,0.8388858846408958,0.0,0.0,0.0,0.8482235415035005,0.8415269894660212,0.0,0.0,0.8697524641941399,0.0,0.0,0.0,0.0,0.0,0.0,0.0,0.0,0.0,0.0,0.7908650268860372
3fc382ae51ceca3ad6ef5880cdd2d89ef508f368911d3cd41c71a54453004c55,0.9038707207649174,0.0,0.7834967148676406,0.9038707207649174,0.0,0.0,0.0,0.9047287542031958,0.9047287542031958,0.8255689851794685,0.9038707207649174,0.9047287542031958,0.8097054383437438,1.0,0.8930542175757058,0.0,0.9038707207649174,0.0,0.9038707207649174,0.0,0.9082647950411213,0.0,0.0,0.9047287542031958,0.9038707207649174,0.0,0.9038707207649174,0.9038707207649174,0.9038707207649174,0.9038707207649174,0.8935012031078804,0.0,0.8954807301397438,0.0,0.0,0.8747987668871454,0.9047287542031958,0.0,0.761427544916974,0.0,0.0,0.0,0.9026019547548915,0.9038707207649174,0.0,0.0,0.9038707207649174,0.0,0.0,0.0,0.0,0.0,0.0,0.0,0.0,0.0,0.0,0.8217682821343275
3fd510a3b2e0b0802d57cd5b1cac1e61797d50a08b87d9b5243becd9e2f7073f,0.8644391123105108,0.0,0.8296429558960781,0.8353567577764264,0.0,0.0,0.0,0.8930542175757058,0.8930542175757058,0.7934124860218379,0.8353567577764264,0.8930542175757058,0.8085659257542899,0.8930542175757058,1.0,0.0,0.8353567577764264,0.0,0.8353567577764264,0.0,0.8386760339433038,0.0,0.0,0.8930542175757058,0.8353567577764264,0.0,0.8353567577764264,0.8353567577764264,0.8644391123105108,0.8353567577764264,0.8964057098952372,0.0,0.9074776318086406,0.0,0.0,0.8667568645298102,0.8930542175757058,0.0,0.7205334922772189,0.0,0.0,0.0,0.8663847542318996,0.8353567577764264,0.0,0.0,0.8644391123105108,0.0,0.0,0.0,0.0,0.0,0.0,0.0,0.0,0.0,0.0,0.8731941634960625
4080402553e9a86e954c1d9b7d0bb059786f52aba4a179a5d00e219500c8f43d,0.0,0.0,0.0,0.0,0.0,0.0,0.0,0.0,0.0,0.0,0.0,0.0,0.0,0.0,0.0,1.0,0.0,0.0,0.0,0.0,0.0,0.0,0.0,0.0,0.0,0.0,0.0,0.0,0.0,0.0,0.0,0.36645770686578444,0.0,0.0,0.0,0.0,0.0,0.0,0.0,0.0,0.0,0.0,0.0,0.0,0.0,0.0,0.0,0.0,0.0,0.0,0.0,0.0,0.0,0.0,0.0,0.0,0.0,0.0
4139c96d16875d1c3d12c27086775437b26d3c0ebdcdc258fb012d23b9ef8345,0.8948130789192018,0.0,0.8121415022811204,0.8531346464967838,0.0,0.0,0.0,0.9038707207649174,0.9038707207649174,0.8121415022811204,0.8531346464967838,0.9038707207649174,0.8415269894660212,0.9038707207649174,0.8353567577764264,0.0,1.0,0.0,0.8531346464967838,0.0,0.7953009063537729,0.0,0.0,0.9038707207649174,0.8531346464967838,0.0,0.8531346464967838,0.8531346464967838,0.8948130789192018,0.8531346464967838,0.8576459037678035,0.0,0.7731376615972675,0.0,0.0,0.8077331909198681,0.9038707207649174,0.0,0.8005643784956595,0.0,0.0,0.0,0.7786407151828731,0.8531346464967838,0.0,0.0,0.8948130789192018,0.0,0.0,0.0,0.0,0.0,0.0,0.0,0.0,0.0,0.0,0.7583865955277321
4218214f32f946a02b7a7bebe3059af3dd87bcd130c0469aeb21b58299e2ef9a,0.0,0.0,0.0,0.0,0.0,0.5728435698409338,0.0,0.0,0.0,0.0,0.0,0.0,0.0,0.0,0.0,0.0,0.0,1.0,0.0,0.5728435698409338,0.0,0.0,0.0,0.0,0.0,0.2720221547291692,0.0,0.0,0.0,0.0,0.0,0.0,0.0,0.0,0.0,0.0,0.0,0.5728435698409338,0.0,0.0,0.0,0.0,0.0,0.0,0.6866381101842018,0.0,0.0,0.0,0.0,0.0,0.0,0.0,0.20488380317890703,0.0,0.0,0.0,0.0,0.0
42ac07c5175d88d6528cfe3dceacd01834323f10c4af98b1a190d5af7a7bb1cb,0.8948130789192018,0.0,0.8121415022811204,0.8531346464967838,0.0,0.0,0.0,0.9038707207649174,0.9038707207649174,0.8121415022811204,0.8531346464967838,0.9038707207649174,0.8415269894660212,0.9038707207649174,0.8353567577764264,0.0,0.8531346464967838,0.0,1.0,0.0,0.7953009063537729,0.0,0.0,0.9038707207649174,0.8531346464967838,0.0,0.8531346464967838,0.8531346464967838,0.8948130789192018,0.8531346464967838,0.8576459037678035,0.0,0.7731376615972675,0.0,0.0,0.8077331909198681,0.9038707207649174,0.0,0.8005643784956595,0.0,0.0,0.0,0.7786407151828731,0.8531346464967838,0.0,0.0,0.8948130789192018,0.0,0.0,0.0,0.0,0.0,0.0,0.0,0.0,0.0,0.0,0.7583865955277321
4c051e7271b06cf26f59d2076be6e543595ae8599d7c62b55dbfbc438d6e4fe8,0.0,0.0,0.0,0.0,0.0,0.9522888745201968,0.0,0.0,0.0,0.0,0.0,0.0,0.0,0.0,0.0,0.0,0.0,0.5728435698409338,0.0,1.0,0.0,0.0,0.0,0.0,0.0,0.43273836166680274,0.0,0.0,0.0,0.0,0.0,0.0,0.0,0.0,0.0,0.0,0.0,0.9522888745201968,0.0,0.0,0.0,0.0,0.0,0.0,0.0,0.0,0.0,0.0,0.0,0.0,0.0,0.29734805157033306,0.0,0.0,0.0,0.0,0.0,0.0
4c9e3ffda0e663217638e6192a093bbc23cd9ebfbdf6d2fc683f331beaee0321,0.8425316409883322,0.0,0.8405769577830966,0.7953009063537729,0.0,0.0,0.0,0.9082647950411213,0.9082647950411213,0.8306211612576533,0.7953009063537729,0.9082647950411213,0.8282775257792003,0.9082647950411213,0.8386760339433038,0.0,0.7953009063537729,0.0,0.7953009063537729,0.0,1.0,0.0,0.0,0.9082647950411213,0.7953009063537729,0.0,0.7953009063537729,0.7953009063537729,0.8425316409883322,0.7953009063537729,0.8922794742552497,0.0,0.8729441574047256,0.0,0.0,0.8887276361393117,0.9082647950411213,0.0,0.8169338295346397,0.0,0.0,0.0,0.8711103964536551,0.7953009063537729,0.0,0.0,0.8425316409883322,0.0,0.0,0.0,0.0,0.0,0.0,0.0,0.0,0.0,0.0,0.8617891506370862
4e2554b448424859b508433e6c4a043718343febc7894a849f446dd197b47d1e,0.0,0.0,0.0,0.0,0.0,0.0,0.0,0.0,0.0,0.0,0.0,0.0,0.0,0.0,0.0,0.0,0.0,0.0,0.0,0.0,0.0,1.0,0.9087548027669807,0.0,0.0,0.0,0.0,0.0,0.0,0.0,0.0,0.0,0.0,0.0,0.9533484589988378,0.0,0.0,0.0,0.0,0.9087548027669807,0.0,0.0,0.0,0.0,0.0,0.9533484589988378,0.0,0.0,0.9257047827031362,0.9119942697483638,0.0,0.0,0.0,0.9246012242435974,0.9106116237353625,0.0,0.0,0.0
53bba522663285740d740031f1878f7a4886b582ebcdbddc043afcd0dca70028,0.0,0.0,0.0,0.0,0.0,0.0,0.0,0.0,0.0,0.0,0.0,0.0,0.0,0.0,0.0,0.0,0.0,0.0,0.0,0.0,0.0,0.9087548027669807,1.0,0.0,0.0,0.0,0.0,0.0,0.0,0.0,0.0,0.0,0.0,0.0,0.9390119099387375,0.0,0.0,0.0,0.0,0.8439312196711988,0.0,0.0,0.0,0.0,0.0,0.9390119099387375,0.0,0.0,0.9381477010775277,0.898776576111647,0.0,0.0,0.0,0.9060761311654919,0.9128857094763758,0.0,0.0,0.0
605c2047be7c4a17823ad1fa5c1f94fd105721fce3621dc9148cd3baf352938e,0.9038707207649174,0.0,0.7834967148676406,0.9038707207649174,0.0,0.0,0.0,0.9047287542031958,0.9047287542031958,0.8255689851794685,0.9038707207649174,0.9047287542031958,0.8097054383437438,0.9047287542031958,0.8930542175757058,0.0,0.9038707207649174,0.0,0.9038707207649174,0.0,0.9082647950411213,0.0,0.0,1.0,0.9038707207649174,0.0,0.9038707207649174,0.9038707207649174,0.9038707207649174,0.9038707207649174,0.8935012031078804,0.0,0.8954807301397438,0.0,0.0,0.8747987668871454,0.9047287542031958,0.0,0.761427544916974,0.0,0.0,0.0,0.9026019547548915,0.9038707207649174,0.0,0.0,0.9038707207649174,0.0,0.0,0.0,0.0,0.0,0.0,0.0,0.0,0.0,0.0,0.8217682821343275
6675c204844476dd8ce59ead0eac082754ded599036551526a8e2c509a1407e4,0.8948130789192018,0.0,0.8121415022811204,0.8531346464967838,0.0,0.0,0.0,0.9038707207649174,0.9038707207649174,0.8121415022811204,0.8531346464967838,0.9038707207649174,0.8415269894660212,0.9038707207649174,0.8353567577764264,0.0,0.8531346464967838,0.0,0.8531346464967838,0.0,0.7953009063537729,0.0,0.0,0.9038707207649174,1.0,0.0,0.8531346464967838,0.8531346464967838,0.8948130789192018,0.8531346464967838,0.8576459037678035,0.0,0.7731376615972675,0.0,0.0,0.8077331909198681,0.9038707207649174,0.0,0.8005643784956595,0.0,0.0,0.0,0.7786407151828731,0.8531346464967838,0.0,0.0,0.8948130789192018,0.0,0.0,0.0,0.0,0.0,0.0,0.0,0.0,0.0,0.0,0.7583865955277321
6713403015feb8959093f5d007bcbdbb3be9eec96dd62f517786b67506067251,0.0,0.38371253370002356,0.0,0.0,0.0,0.43273836166680274,0.0,0.0,0.0,0.0,0.0,0.0,0.0,0.0,0.0,0.0,0.0,0.2720221547291692,0.0,0.43273836166680274,0.0,0.0,0.0,0.0,0.0,1.0,0.0,0.0,0.0,0.0,0.0,0.0,0.0,0.0,0.0,0.0,0.0,0.43273836166680274,0.0,0.0,0.0,0.0,0.0,0.0,0.10326208621668818,0.0,0.0,0.25558818039893205,0.0,0.0,0.0,0.0,0.0,0.0,0.0,0.0,0.0,0.0
6a441734b34cdee31a01164140b0c88966fbb4358dcb63a14ae6824f09e9476f,0.8948130789192018,0.0,0.8121415022811204,0.8531346464967838,0.0,0.0,0.0,0.9038707207649174,0.9038707207649174,0.8121415022811204,0.8531346464967838,0.9038707207649174,0.8415269894660212,0.9038707207649174,0.8353567577764264,0.0,0.8531346464967838,0.0,0.8531346464967838,0.0,0.7953009063537729,0.0,0.0,0.9038707207649174,0.8531346464967838,0.0,1.0,0.8531346464967838,0.8948130789192018,0.8531346464967838,0.8576459037678035,0.0,0.7731376615972675,0.0,0.0,0.8077331909198681,0.9038707207649174,0.0,0.8005643784956595,0.0,0.0,0.0,0.7786407151828731,0.8531346464967838,0.0,0.0,0.8948130789192018,0.0,0.0,0.0,0.0,0.0,0.0,0.0,0.0,0.0,0.0,0.7583865955277321
765327e1dc0888c69c92203d90037c5154db9787f54d3fc8f1097830be8c76ab,0.8948130789192018,0.0,0.8121415022811204,0.8531346464967838,0.0,0.0,0.0,0.9038707207649174,0.9038707207649174,0.8121415022811204,0.8531346464967838,0.9038707207649174,0.8415269894660212,0.9038707207649174,0.8353567577764264,0.0,0.8531346464967838,0.0,0.8531346464967838,0.0,0.7953009063537729,0.0,0.0,0.9038707207649174,0.8531346464967838,0.0,0.8531346464967838,1.0,0.8948130789192018,0.8531346464967838,0.8576459037678035,0.0,0.7731376615972675,0.0,0.0,0.8077331909198681,0.9038707207649174,0.0,0.8005643784956595,0.0,0.0,0.0,0.7786407151828731,0.8531346464967838,0.0,0.0,0.8948130789192018,0.0,0.0,0.0,0.0,0.0,0.0,0.0,0.0,0.0,0.0,0.7583865955277321
7caed5f406445c788543f55af6d98a8bc4f0c104e6a51e2564dd37b6a485cc18,0.8948130789192018,0.0,0.8258160288317153,0.8948130789192018,0.0,0.0,0.0,0.9038707207649174,0.9038707207649174,0.8258160288317153,0.8948130789192018,0.9038707207649174,0.8697524641941399,0.9038707207649174,0.8644391123105108,0.0,0.8948130789192018,0.0,0.8948130789192018,0.0,0.8425316409883322,0.0,0.0,0.9038707207649174,0.8948130789192018,0.0,0.8948130789192018,0.8948130789192018,1.0,0.8948130789192018,0.8384202785964143,0.0,0.840313362869147,0.0,0.0,0.8668297248552796,0.9038707207649174,0.0,0.8096534824986054,0.0,0.0,0.0,0.8384202785964143,0.8948130789192018,0.0,0.0,0.8948130789192018,0.0,0.0,0.0,0.0,0.0,0.0,0.0,0.0,0.0,0.0,0.8056099603576581
9017c070ad6ac9ac52e361286b3ff24a315f721f488b53b7aaf6ac35de477f44,0.8948130789192018,0.0,0.8121415022811204,0.8531346464967838,0.0,0.0,0.0,0.9038707207649174,0.9038707207649174,0.8121415022811204,0.8531346464967838,0.9038707207649174,0.8415269894660212,0.9038707207649174,0.8353567577764264,0.0,0.8531346464967838,0.0,0.8531346464967838,0.0,0.7953009063537729,0.0,0.0,0.9038707207649174,0.8531346464967838,0.0,0.8531346464967838,0.8531346464967838,0.8948130789192018,1.0,0.8576459037678035,0.0,0.7731376615972675,0.0,0.0,0.8077331909198681,0.9038707207649174,0.0,0.8005643784956595,0.0,0.0,0.0,0.7786407151828731,0.8531346464967838,0.0,0.0,0.8948130789192018,0.0,0.0,0.0,0.0,0.0,0.0,0.0,0.0,0.0,0.0,0.7583865955277321
967422de1acc14deb7e7ce803d86aff44e2652bfcd550e3a34c2e37abc883dee,0.8384202785964143,0.0,0.8798379492856037,0.8576459037678035,0.0,0.0,0.0,0.8935012031078804,0.8935012031078804,0.7793171101793392,0.8576459037678035,0.8935012031078804,0.7443154943684963,0.8935012031078804,0.8964057098952372,0.0,0.8576459037678035,0.0,0.8576459037678035,0.0,0.8922794742552497,0.0,0.0,0.8935012031078804,0.8576459037678035,0.0,0.8576459037678035,0.8576459037678035,0.8384202785964143,0.8576459037678035,1.0,0.0,0.8750281494623612,0.0,0.0,0.8860707157497486,0.8935012031078804,0.0,0.7868856524562694,0.0,0.0,0.0,0.8823895699147964,0.8576459037678035,0.0,0.0,0.8384202785964143,0.0,0.0,0.0,0.0,0.0,0.0,0.0,0.0,0.0,0.0,0.8417833289628106
9751ae55b105ad8ffe6fc5dc7aea60ad723b6df67a959aa2ea6f4fa640d20a71,0.0,0.0,0.0,0.0,0.0,0.0,0.0,0.0,0.0,0.0,0.0,0.0,0.0,0.0,0.0,0.36645770686578444,0.0,0.0,0.0,0.0,0.0,0.0,0.0,0.0,0.0,0.0,0.0,0.0,0.0,0.0,0.0,1.0,0.0,0.0,0.0,0.0,0.0,0.0,0.0,0.0,0.0,0.0,0.0,0.0,0.0,0.0,0.0,0.0,0.0,0.0,0.0,0.0,0.0,0.0,0.0,0.0,0.0,0.0
9c900078cc6061fb7ba038ee5c065a45112665f214361d433fc3906bf288e0eb,0.840313362869147,0.0,0.863098676656583,0.7731376615972675,0.0,0.0,0.0,0.8954807301397438,0.8954807301397438,0.7908581044554783,0.7731376615972675,0.8954807301397438,0.8028019473538235,0.8954807301397438,0.9074776318086406,0.0,0.7731376615972675,0.0,0.7731376615972675,0.0,0.8729441574047256,0.0,0.0,0.8954807301397438,0.7731376615972675,0.0,0.7731376615972675,0.7731376615972675,0.840313362869147,0.7731376615972675,0.8750281494623612,0.0,1.0,0.0,0.0,0.8537310761045442,0.8954807301397438,0.0,0.7798022960374451,0.0,0.0,0.0,0.9051066905353492,0.7731376615972675,0.0,0.0,0.840313362869147,0.0,0.0,0.0,0.0,0.0,0.0,0.0,0.0,0.0,0.0,0.8542101823783617
a14c508538dba4e05fcac66ddcfc1aaf4454507907523ba7d0983380e0a153da,0.0,0.07772324351298789,0.0,0.0,0.0,0.0,0.9563906062084876,0.0,0.0,0.0,0.0,0.0,0.0,0.0,0.0,0.0,0.0,0.0,0.0,0.0,0.0,0.0,0.0,0.0,0.0,0.0,0.0,0.0,0.0,0.0,0.0,0.0,0.0,1.0,0.0,0.0,0.0,0.0,0.0,0.0,0.0,0.0,0.0,0.0,0.0,0.0,0.0,0.2150912929096875,0.0,0.0,0.0,0.12212919813556306,0.0,0.0,0.0,0.1654035335385888,0.0,0.0
a201cfc29ea98a499a42ce0def43a1a2394ee980651791d3b46ff258fc03c151,0.0,0.0,0.0,0.0,0.0,0.0,0.0,0.0,0.0,0.0,0.0,0.0,0.0,0.0,0.0,0.0,0.0,0.0,0.0,0.0,0.0,0.9533484589988378,0.9390119099387375,0.0,0.0,0.0,0.0,0.0,0.0,0.0,0.0,0.0,0.0,0.0,1.0,0.0,0.0,0.0,0.0,0.9542620745398328,0.0,0.0,0.0,0.0,0.0,0.9653796854830956,0.0,0.0,0.9533484589988378,0.9570411898072936,0.0,0.0,0.0,0.964424568159996,0.964424568159996,0.0,0.0,0.0
a376fd507afe8a1b5d377d18436e5701702109ac9d3e7026d19b65a7d313b332,0.8668297248552796,0.0,0.8345592564072598,0.8077331909198681,0.0,0.0,0.0,0.8747987668871454,0.8747987668871454,0.7950388296355526,0.8077331909198681,0.8747987668871454,0.7413574571068221,0.8747987668871454,0.8667568645298102,0.0,0.8077331909198681,0.0,0.8077331909198681,0.0,0.8887276361393117,0.0,0.0,0.8747987668871454,0.8077331909198681,0.0,0.8077331909198681,0.8077331909198681,0.8668297248552796,0.8077331909198681,0.8860707157497486,0.0,0.8537310761045442,0.0,0.0,1.0,0.8747987668871454,0.0,0.6654446245939616,0.0,0.0,0.0,0.8345318502531042,0.8077331909198681,0.0,0.0,0.8668297248552796,0.0,0.0,0.0,0.0,0.0,0.0,0.0,0.0,0.0,0.0,0.8833520921401293
a5989c480ec6506247325652a1f3cb415934675de3877270ae0f65edd9b14d13,0.9038707207649174,0.0,0.7834967148676406,0.9038707207649174,0.0,0.0,0.0,0.9047287542031958,0.9047287542031958,0.8255689851794685,0.9038707207649174,0.9047287542031958,0.8097054383437438,0.9047287542031958,0.8930542175757058,0.0,0.9038707207649174,0.0,0.9038707207649174,0.0,0.9082647950411213,0.0,0.0,0.9047287542031958,0.9038707207649174,0.0,0.9038707207649174,0.9038707207649174,0.9038707207649174,0.9038707207649174,0.8935012031078804,0.0,0.8954807301397438,0.0,0.0,0.8747987668871454,1.0,0.0,0.761427544916974,0.0,0.0,0.0,0.9026019547548915,0.9038707207649174,0.0,0.0,0.9038707207649174,0.0,0.0,0.0,0.0,0.0,0.0,0.0,0.0,0.0,0.0,0.8217682821343275
a6bf25b3bfc2ab57ad8c1c7e130379a3a4dc0a97b6b3da04e27db79ed361e697,0.0,0.0,0.0,0.0,0.0,0.9522888745201968,0.0,0.0,0.0,0.0,0.0,0.0,0.0,0.0,0.0,0.0,0.0,0.5728435698409338,0.0,0.9522888745201968,0.0,0.0,0.0,0.0,0.0,0.43273836166680274,0.0,0.0,0.0,0.0,0.0,0.0,0.0,0.0,0.0,0.0,0.0,1.0,0.0,0.0,0.0,0.0,0.0,0.0,0.0,0.0,0.0,0.0,0.0,0.0,0.0,0.29734805157033306,0.0,0.0,0.0,0.0,0.0,0.0
a9d483c0f021b72a94324562068d8164f8cce0aa8f779faea304669390775436,0.8096534824986054,0.0,0.856276857020511,0.8005643784956595,0.0,0.0,0.0,0.761427544916974,0.761427544916974,0.8818336526491157,0.8005643784956595,0.761427544916974,0.8388858846408958,0.761427544916974,0.7205334922772189,0.0,0.8005643784956595,0.0,0.8005643784956595,0.0,0.8169338295346397,0.0,0.0,0.761427544916974,0.8005643784956595,0.0,0.8005643784956595,0.8005643784956595,0.8096534824986054,0.8005643784956595,0.7868856524562694,0.0,0.7798022960374451,0.0,0.0,0.6654446245939616,0.761427544916974,0.0,1.0,0.0,0.0,0.0,0.7829939501506545,0.8005643784956595,0.0,0.0,0.8096534824986054,0.0,0.0,0.0,0.0,0.0,0.0,0.0,0.0,0.0,0.0,0.7899293563975875
ac457fc7c907ca04a4aa2e243d4b5120c58d338b44771c84e0d282d625d463a0,0.0,0.0,0.0,0.0,0.0,0.0,0.0,0.0,0.0,0.0,0.0,0.0,0.0,0.0,0.0,0.0,0.0,0.0,0.0,0.0,0.0,0.9087548027669807,0.8439312196711988,0.0,0.0,0.0,0.0,0.0,0.0,0.0,0.0,0.0,0.0,0.0,0.9542620745398328,0.0,0.0,0.0,0.0,1.0,0.0,0.0,0.0,0.0,0.0,0.9542620745398328,0.0,0.0,0.9381477010775277,0.8762208973649626,0.0,0.0,0.0,0.929912119360239,0.9128857094763758,0.0,0.0,0.0
acb64f80a17741793bed8c6a332c3abdc2918f825185919f3e097077c7106ae3,0.0,0.0,0.0,0.0,0.0,0.0,0.0,0.0,0.0,0.0,0.0,0.0,0.0,0.0,0.0,0.0,0.0,0.0,0.0,0.0,0.0,0.0,0.0,0.0,0.0,0.0,0.0,0.0,0.0,0.0,0.0,0.0,0.0,0.0,0.0,0.0,0.0,0.0,0.0,0.0,1.0,0.0,0.0,0.0,0.0,0.0,0.0,0.0,0.0,0.0,0.0,0.0,0.0,0.0,0.0,0.0,0.974105539189458,0.0
ad8d859ec7ea151fa814a81f1444a73d461fe750ab2cb9844b7f1c8eae0e2e5c,0.0,0.22785900801454062,0.0,0.0,0.0,0.0,0.0,0.0,0.0,0.0,0.0,0.0,0.0,0.0,0.0,0.0,0.0,0.0,0.0,0.0,0.0,0.0,0.0,0.0,0.0,0.0,0.0,0.0,0.0,0.0,0.0,0.0,0.0,0.0,0.0,0.0,0.0,0.0,0.0,0.0,0.0,1.0,0.0,0.0,0.0,0.0,0.0,0.0,0.0,0.0,0.0,0.0,0.0,0.0,0.0,0.8250256073723549,0.0,0.0
aee131ba1bfc4b6fa1961a7336e43d667086ebd2c7ff81029e14b2bf47d9f3a7,0.8384202785964143,0.0,0.8204826563925436,0.7786407151828731,0.0,0.0,0.0,0.9026019547548915,0.9026019547548915,0.7434946659398164,0.7786407151828731,0.9026019547548915,0.8482235415035005,0.9026019547548915,0.8663847542318996,0.0,0.7786407151828731,0.0,0.7786407151828731,0.0,0.8711103964536551,0.0,0.0,0.9026019547548915,0.7786407151828731,0.0,0.7786407151828731,0.7786407151828731,0.8384202785964143,0.7786407151828731,0.8823895699147964,0.0,0.9051066905353492,0.0,0.0,0.8345318502531042,0.9026019547548915,0.0,0.7829939501506545,0.0,0.0,0.0,1.0,0.7786407151828731,0.0,0.0,0.8384202785964143,0.0,0.0,0.0,0.0,0.0,0.0,0.0,0.0,0.0,0.0,0.8801205021564259
af538ab1b8bdfbf5b7f1548d72c0d042eb14d0011d796cab266f0671720abb4d,0.8948130789192018,0.0,0.8121415022811204,0.8531346464967838,0.0,0.0,0.0,0.9038707207649174,0.9038707207649174,0.8121415022811204,0.8531346464967838,0.9038707207649174,0.8415269894660212,0.9038707207649174,0.8353567577764264,0.0,0.8531346464967838,0.0,0.8531346464967838,0.0,0.7953009063537729,0.0,0.0,0.9038707207649174,0.8531346464967838,0.0,0.8531346464967838,0.8531346464967838,0.8948130789192018,0.8531346464967838,0.8576459037678035,0.0,0.7731376615972675,0.0,0.0,0.8077331909198681,0.9038707207649174,0.0,0.8005643784956595,0.0,0.0,0.0,0.7786407151828731,1.0,0.0,0.0,0.8948130789192018,0.0,0.0,0.0,0.0,0.0,0.0,0.0,0.0,0.0,0.0,0.7583865955277321
b345697c16f84d3775924dc17847fa3ff61579ee793a95248e9c4964da586dd1,0.0,0.0,0.0,0.0,0.0,0.0,0.0,0.0,0.0,0.0,0.0,0.0,0.0,0.0,0.0,0.0,0.0,0.6866381101842018,0.0,0.0,0.0,0.0,0.0,0.0,0.0,0.10326208621668818,0.0,0.0,0.0,0.0,0.0,0.0,0.0,0.0,0.0,0.0,0.0,0.0,0.0,0.0,0.0,0.0,0.0,0.0,1.0,0.0,0.0,0.0,0.0,0.0,0.0,0.0,0.6360873217516935,0.0,0.0,0.0,0.0,0.0
b8ebe5e063f15862850b7d5ceb2a5d2b14d899b36b98f7aff2d54873e4ba28b3,0.0,0.0,0.0,0.0,0.0,0.0,0.0,0.0,0.0,0.0,0.0,0.0,0.0,0.0,0.0,0.0,0.0,0.0,0.0,0.0,0.0,0.9533484589988378,0.9390119099387375,0.0,0.0,0.0,0.0,0.0,0.0,0.0,0.0,0.0,0.0,0.0,0.9653796854830956,0.0,0.0,0.0,0.0,0.9542620745398328,0.0,0.0,0.0,0.0,0.0,1.0,0.0,0.0,0.9533484589988378,0.9570411898072936,0.0,0.0,0.0,0.964424568159996,0.964424568159996,0.0,0.0,0.0
c1c4e677b36a2ee6ae858546e727e73cc38c95c9024c724f939178b3c03de906,0.8948130789192018,0.0,0.8258160288317153,0.8948130789192018,0.0,0.0,0.0,0.9038707207649174,0.9038707207649174,0.8258160288317153,0.8948130789192018,0.9038707207649174,0.8697524641941399,0.9038707207649174,0.8644391123105108,0.0,0.8948130789192018,0.0,0.8948130789192018,0.0,0.8425316409883322,0.0,0.0,0.9038707207649174,0.8948130789192018,0.0,0.8948130789192018,0.8948130789192018,0.8948130789192018,0.8948130789192018,0.8384202785964143,0.0,0.840313362869147,0.0,0.0,0.8668297248552796,0.9038707207649174,0.0,0.8096534824986054,0.0,0.0,0.0,0.8384202785964143,0.8948130789192018,0.0,0.0,1.0,0.0,0.0,0.0,0.0,0.0,0.0,0.0,0.0,0.0,0.0,0.8056099603576581
ca5005151916a447a1f7b554a1f4cdfd6873b299d2c014147cbe37521078c2fc,0.0,0.07737377358244635,0.0,0.0,0.0,0.0,0.2150912929096875,0.0,0.0,0.0,0.0,0.0,0.0,0.0,0.0,0.0,0.0,0.0,0.0,0.0,0.0,0.0,0.0,0.0,0.0,0.25558818039893205,0.0,0.0,0.0,0.0,0.0,0.0,0.0,0.2150912929096875,0.0,0.0,0.0,0.0,0.0,0.0,0.0,0.0,0.0,0.0,0.0,0.0,0.0,1.0,0.0,0.0,0.0,0.24861232567525615,0.0,0.0,0.0,0.0,0.0,0.0
d65fa9ed1220cfa12d22239ca62a4b5978bb613090fc1dcb0cccdf191151d125,0.0,0.0,0.0,0.0,0.0,0.0,0.0,0.0,0.0,0.0,0.0,0.0,0.0,0.0,0.0,0.0,0.0,0.0,0.0,0.0,0.0,0.9257047827031362,0.9381477010775277,0.0,0.0,0.0,0.0,0.0,0.0,0.0,0.0,0.0,0.0,0.0,0.9533484589988378,0.0,0.0,0.0,0.0,0.9381477010775277,0.0,0.0,0.0,0.0,0.0,0.9533484589988378,0.0,0.0,1.0,0.9381477010775277,0.0,0.0,0.0,0.9381477010775277,0.9381477010775277,0.0,0.0,0.0
d8a336c80796a8e07c27e3dd8a80ac5f46c5c7cec06369ba90e033eb0bfeb076,0.0,0.0,0.0,0.0,0.0,0.0,0.0,0.0,0.0,0.0,0.0,0.0,0.0,0.0,0.0,0.0,0.0,0.0,0.0,0.0,0.0,0.9119942697483638,0.898776576111647,0.0,0.0,0.0,0.0,0.0,0.0,0.0,0.0,0.0,0.0,0.0,0.9570411898072936,0.0,0.0,0.0,0.0,0.8762208973649626,0.0,0.0,0.0,0.0,0.0,0.9570411898072936,0.0,0.0,0.9381477010775277,1.0,0.0,0.0,0.0,0.9075443505905412,0.9541318274777694,0.0,0.0,0.0
dc276b7ca4a980cf487b73b4ef9c40fb93f1b00b5c757a726057ab21a0372ecf,0.0,0.0,0.0,0.0,0.0,0.0,0.0,0.0,0.0,0.0,0.0,0.0,0.0,0.0,0.0,0.0,0.0,0.0,0.0,0.0,0.0,0.0,0.0,0.0,0.0,0.0,0.0,0.0,0.0,0.0,0.0,0.0,0.0,0.0,0.0,0.0,0.0,0.0,0.0,0.0,0.0,0.0,0.0,0.0,0.0,0.0,0.0,0.0,0.0,0.0,1.0,0.0,0.0,0.0,0.0,0.0,0.0,0.0
e5e6058e5e4c27406911bc76336c42a7350e6ddedbf74a47f5a0c9616f737af4,0.0,0.09088613918466584,0.0,0.0,0.0,0.29734805157033306,0.12212919813556306,0.0,0.0,0.0,0.0,0.0,0.0,0.0,0.0,0.0,0.0,0.0,0.0,0.29734805157033306,0.0,0.0,0.0,0.0,0.0,0.0,0.0,0.0,0.0,0.0,0.0,0.0,0.0,0.12212919813556306,0.0,0.0,0.0,0.29734805157033306,0.0,0.0,0.0,0.0,0.0,0.0,0.0,0.0,0.0,0.24861232567525615,0.0,0.0,0.0,1.0,0.0,0.0,0.0,0.0,0.0,0.0
e8a091a84dd2ea7ee429135ff48e9f48f7787637ccb79f6c3eb42f34588bc684,0.0,0.0,0.0,0.0,0.0,0.0,0.0,0.0,0.0,0.0,0.0,0.0,0.0,0.0,0.0,0.0,0.0,0.20488380317890703,0.0,0.0,0.0,0.0,0.0,0.0,0.0,0.0,0.0,0.0,0.0,0.0,0.0,0.0,0.0,0.0,0.0,0.0,0.0,0.0,0.0,0.0,0.0,0.0,0.0,0.0,0.6360873217516935,0.0,0.0,0.0,0.0,0.0,0.0,0.0,1.0,0.0,0.0,0.0,0.0,0.0
ecd04ebbb3df053ce4efa2b73912fd4d086d1720f9b410235ee9c1e529ea52a2,0.0,0.0,0.0,0.0,0.0,0.0,0.0,0.0,0.0,0.0,0.0,0.0,0.0,0.0,0.0,0.0,0.0,0.0,0.0,0.0,0.0,0.9246012242435974,0.9060761311654919,0.0,0.0,0.0,0.0,0.0,0.0,0.0,0.0,0.0,0.0,0.0,0.964424568159996,0.0,0.0,0.0,0.0,0.929912119360239,0.0,0.0,0.0,0.0,0.0,0.964424568159996,0.0,0.0,0.9381477010775277,0.9075443505905412,0.0,0.0,0.0,1.0,0.9216192505001466,0.0,0.0,0.0
f03172bd32ed16df6dda8e8146d24b073b864da59d669218fcc5e97835a5e956,0.0,0.0,0.0,0.0,0.0,0.0,0.0,0.0,0.0,0.0,0.0,0.0,0.0,0.0,0.0,0.0,0.0,0.0,0.0,0.0,0.0,0.9106116237353625,0.9128857094763758,0.0,0.0,0.0,0.0,0.0,0.0,0.0,0.0,0.0,0.0,0.0,0.964424568159996,0.0,0.0,0.0,0.0,0.9128857094763758,0.0,0.0,0.0,0.0,0.0,0.964424568159996,0.0,0.0,0.9381477010775277,0.9541318274777694,0.0,0.0,0.0,0.9216192505001466,1.0,0.0,0.0,0.0
f55051e69e6137716c37b4f63f5d13b8a1fda02ae8f822678f1caee0a0d594f9,0.0,0.2281012699663404,0.0,0.0,0.0,0.0,0.1654035335385888,0.0,0.0,0.0,0.0,0.0,0.0,0.0,0.0,0.0,0.0,0.0,0.0,0.0,0.0,0.0,0.0,0.0,0.0,0.0,0.0,0.0,0.0,0.0,0.0,0.0,0.0,0.1654035335385888,0.0,0.0,0.0,0.0,0.0,0.0,0.0,0.8250256073723549,0.0,0.0,0.0,0.0,0.0,0.0,0.0,0.0,0.0,0.0,0.0,0.0,0.0,1.0,0.0,0.0
f8f629e41b46926d11cb653c3edfdc3a758136aa5201fba90cbf22aaad7054c5,0.0,0.0,0.0,0.0,0.0,0.0,0.0,0.0,0.0,0.0,0.0,0.0,0.0,0.0,0.0,0.0,0.0,0.0,0.0,0.0,0.0,0.0,0.0,0.0,0.0,0.0,0.0,0.0,0.0,0.0,0.0,0.0,0.0,0.0,0.0,0.0,0.0,0.0,0.0,0.0,0.974105539189458,0.0,0.0,0.0,0.0,0.0,0.0,0.0,0.0,0.0,0.0,0.0,0.0,0.0,0.0,0.0,1.0,0.0
fceb299326ef4298a3c30e10b31d8c64f1369b182ac256d1eeaf148c1adcea8d,0.8056099603576581,0.0,0.7836355925549712,0.7583865955277321,0.0,0.0,0.0,0.8217682821343275,0.8217682821343275,0.824426443561654,0.7583865955277321,0.8217682821343275,0.7908650268860372,0.8217682821343275,0.8731941634960625,0.0,0.7583865955277321,0.0,0.7583865955277321,0.0,0.8617891506370862,0.0,0.0,0.8217682821343275,0.7583865955277321,0.0,0.7583865955277321,0.7583865955277321,0.8056099603576581,0.7583865955277321,0.8417833289628106,0.0,0.8542101823783617,0.0,0.0,0.8833520921401293,0.8217682821343275,0.0,0.7899293563975875,0.0,0.0,0.0,0.8801205021564259,0.7583865955277321,0.0,0.0,0.8056099603576581,0.0,0.0,0.0,0.0,0.0,0.0,0.0,0.0,0.0,0.0,1.0
